multa_id,patente,fecha,hora,velocidad_registrada,velocidad_maxima,ubicacion,radar_id,estado_multa,exceso_velocidad_real,exceso_velocidad,imagen,patente_imagen,ratio
3,WU341A,1932-01-01,09:01,107.0,60,AV LIBERTADOR,R03,PAGADA,47.0,44.0,,,
8,BP717,1932-01-01,08:01,70.0,60,AV SIEMPRE VIVA,R01,PAGADA,10.0,7.0,/content/urban_flow/data/raw/imgs/urban_flow_plates/e1120bfe48f85c1b_patente.jpg,BP717,1.0
10,OUTSTDN,1932-01-01,14:01,71.0,40,AV LIBERTADOR,R02,APELADA,31.0,29.0,,,
17,5777770,1932-01-01,09:02,93.0,40,AV SIEMPRE VIVA,R02,APELADA,53.0,51.0,/content/urban_flow/data/raw/imgs/urban_flow_plates/7f56adf4b9306ac9_patente.jpg,5777770,1.0
21,BHRP770,1932-01-01,08:01,71.0,60,RUTA 9,R03,PAGADA,11.0,8.0,/content/urban_flow/data/raw/imgs/urban_flow_plates/321ffb38656f7311_patente.jpg,BHRP770,1.0
22,RFH373,2020-10-15,09:02,121.0,80,AV LIBERTADOR,R01,IMPAGA,41.0,37.0,,,
24,XIIUME,1932-01-01,08:01,52.0,40,AV SIEMPRE VIVA,R03,IMPAGA,12.0,10.0,/content/urban_flow/data/raw/imgs/urban_flow_plates/64de505bd2bac82b.jpg,XIIUME,1.0
31,M431ZW,1932-01-01,14:01,123.0,60,RUTA 9,R03,PAGADA,63.0,60.0,/content/urban_flow/data/raw/imgs/urban_flow_plates/299f0363ae21d1c3_patente.jpg,M431ZM,0.83
40,VTIIAHV,1932-01-01,09:03,71.0,60,AV LIBERTADOR,R03,APELADA,11.0,8.0,,,
41,6611172,1932-01-01,08:02,109.0,60,AV LIBERTADOR,R02,PAGADA,49.0,46.0,/content/urban_flow/data/raw/imgs/urban_flow_plates/7a1f9520c7ecd5b1_patente.jpg,6611172,1.0
47,W326AVE,2020-05-28,00:00,70.0,60,RUTA 9,R01,IMPAGA,10.0,7.0,/content/urban_flow/data/raw/imgs/urban_flow_plates/6c144e47161867c2_patente.jpg,W326AVE,1.0
50,GCP332,1932-01-01,08:02,66.0,40,AV SIEMPRE VIVA,R02,APELADA,26.0,24.0,,,
51,BB8986,2023-04-18,08:03,90.0,80,RUTA 9,R02,IMPAGA,10.0,6.0,/content/urban_flow/data/raw/imgs/urban_flow_plates/7cbc7ee444622a66_patente.jpg,BB8986,1.0
53,HF58HXP,1932-01-01,09:04,50.0,40,AV SIEMPRE VIVA,R02,PAGADA,10.0,8.0,/content/urban_flow/data/raw/imgs/urban_flow_plates/9a795bbf4e94d630_patente.jpg,HF5BHXP,0.86
57,NTHGLFT,1932-01-01,09:04,93.0,80,AV SIEMPRE VIVA,R02,PAGADA,13.0,9.0,,,
59,FD1475,1932-01-01,14:03,59.0,40,RUTA 9,R02,PAGADA,19.0,17.0,/content/urban_flow/data/raw/imgs/urban_flow_plates/d8daed582e6cce2d_patente.jpg,FD147,0.83
60,FVIOUHP,1932-01-01,18:02,124.0,80,RUTA 9,R01,APELADA,44.0,40.0,/content/urban_flow/data/raw/imgs/urban_flow_plates/28e26a4eb646c67a_patente.jpg,FVIDUHP,0.86
64,M431ZW,1932-01-01,09:04,86.0,80,RUTA 9,R01,APELADA,6.0,2.0,/content/urban_flow/data/raw/imgs/urban_flow_plates/299f0363ae21d1c3_patente.jpg,M431ZM,0.83
66,NTHGLFT,1932-01-01,08:04,152.0,80,RUTA 9,R03,IMPAGA,72.0,68.0,,,
69,VNK296GP,1932-01-01,18:02,77.0,40,RUTA 9,R03,IMPAGA,37.0,35.0,,,
71,RFH373,2021-07-14,09:05,116.0,80,AV LIBERTADOR,R01,PAGADA,36.0,32.0,,,
72,HK06YMX,1932-01-01,14:03,104.0,60,AV SIEMPRE VIVA,R02,PAGADA,44.0,41.0,/content/urban_flow/data/raw/imgs/urban_flow_plates/9a4fe6361597f264_patente.jpg,HKO6YMX,0.86
75,W326AVE,1932-01-01,00:00,57.0,40,AV LIBERTADOR,R01,PAGADA,17.0,15.0,/content/urban_flow/data/raw/imgs/urban_flow_plates/6c144e47161867c2_patente.jpg,W326AVE,1.0
77,B81JKY,1932-01-01,00:00,83.0,40,RUTA 9,R01,PAGADA,43.0,41.0,,,
81,8B90638,1932-01-01,18:03,108.0,60,AV SIEMPRE VIVA,R03,IMPAGA,48.0,45.0,,,
82,5777770,1932-01-01,09:05,60.0,40,AV SIEMPRE VIVA,R01,PAGADA,20.0,18.0,/content/urban_flow/data/raw/imgs/urban_flow_plates/7f56adf4b9306ac9_patente.jpg,5777770,1.0
91,INTIGR8,1932-01-01,00:00,148.0,80,AV LIBERTADOR,R01,PAGADA,68.0,64.0,,,
93,3646HBH,1932-01-01,08:04,73.0,60,AV LIBERTADOR,R01,IMPAGA,13.0,10.0,/content/urban_flow/data/raw/imgs/urban_flow_plates/d3729058c6a4186e_patente.jpg,3646HBH,1.0
101,RFH373,2022-12-05,14:04,101.0,40,AV LIBERTADOR,R01,PAGADA,61.0,59.0,,,
109,DI2LOT,1932-01-01,00:00,77.0,60,AV SIEMPRE VIVA,R03,PAGADA,17.0,14.0,,,
129,T0YDR,1932-01-01,00:00,123.0,80,AV SIEMPRE VIVA,R02,PAGADA,43.0,39.0,,,
131,409,1932-01-01,09:07,106.0,80,AV SIEMPRE VIVA,R01,PAGADA,26.0,22.0,,,
134,UW3932,1932-01-01,18:06,101.0,80,RUTA 9,R01,APELADA,21.0,17.0,,,
140,MVU4688,1932-01-01,09:08,110.0,60,AV LIBERTADOR,R03,PAGADA,50.0,47.0,/content/urban_flow/data/raw/imgs/urban_flow_plates/3feecc5809a29627_patente.jpg,MVU4688,1.0
141,INTIGR8,2022-04-13,00:00,108.0,60,AV LIBERTADOR,R03,IMPAGA,48.0,45.0,,,
146,T0YDR,1932-01-01,18:07,125.0,80,AV LIBERTADOR,R02,APELADA,45.0,41.0,,,
150,INTIGR8,1932-01-01,08:07,100.0,60,AV SIEMPRE VIVA,R03,APELADA,40.0,37.0,,,
155,691XC80,2024-01-03,00:00,116.0,80,RUTA 9,R01,PAGADA,36.0,32.0,/content/urban_flow/data/raw/imgs/urban_flow_plates/5a122adbb1a776b7_patente.jpg,691XC80,1.0
161,990XYK,1932-01-01,09:08,82.0,60,AV LIBERTADOR,R01,APELADA,22.0,19.0,,,
162,NTHGLFT,1932-01-01,08:07,118.0,60,AV LIBERTADOR,R03,IMPAGA,58.0,55.0,,,
164,MVU4688,1932-01-01,00:00,97.0,80,RUTA 9,R03,PAGADA,17.0,13.0,/content/urban_flow/data/raw/imgs/urban_flow_plates/3feecc5809a29627_patente.jpg,MVU4688,1.0
170,WEFLYN,1932-01-01,18:08,88.0,80,AV LIBERTADOR,R02,PAGADA,8.0,4.0,,,
171,CD05601,1932-01-01,00:00,75.0,40,RUTA 9,R03,IMPAGA,35.0,33.0,,,
172,810TCH,2020-02-08,14:05,110.0,40,RUTA 9,R03,APELADA,70.0,68.0,,,
176,B81JKY,1932-01-01,09:09,91.0,60,AV SIEMPRE VIVA,R01,PAGADA,31.0,28.0,,,
178,WU341A,1932-01-01,09:09,70.0,60,RUTA 9,R02,PAGADA,10.0,7.0,,,
183,UM96201,1932-01-01,08:08,102.0,40,AV SIEMPRE VIVA,R03,PAGADA,62.0,60.0,/content/urban_flow/data/raw/imgs/urban_flow_plates/09453a7c716a9ef3_patente.jpg,UM96201,1.0
190,VNK296GP,1932-01-01,09:10,153.0,80,AV LIBERTADOR,R01,PAGADA,73.0,69.0,,,
193,3646HBH,1932-01-01,09:10,117.0,40,AV SIEMPRE VIVA,R01,PAGADA,77.0,75.0,/content/urban_flow/data/raw/imgs/urban_flow_plates/d3729058c6a4186e_patente.jpg,3646HBH,1.0
200,5777770,2022-09-13,14:06,85.0,60,RUTA 9,R02,PAGADA,25.0,22.0,/content/urban_flow/data/raw/imgs/urban_flow_plates/7f56adf4b9306ac9_patente.jpg,5777770,1.0
204,6611172,2020-04-18,14:06,93.0,80,AV LIBERTADOR,R03,PAGADA,13.0,9.0,/content/urban_flow/data/raw/imgs/urban_flow_plates/7a1f9520c7ecd5b1_patente.jpg,6611172,1.0
207,OUTSTDN,1932-01-01,14:07,159.0,80,AV SIEMPRE VIVA,R02,PAGADA,79.0,75.0,,,
211,2999961,1932-01-01,00:00,97.0,80,RUTA 9,R03,PAGADA,17.0,13.0,/content/urban_flow/data/raw/imgs/urban_flow_plates/5ff91ccfc6f15d04_patente.jpg,2999961,1.0
216,M431ZW,1932-01-01,09:11,109.0,60,RUTA 9,R03,APELADA,49.0,46.0,/content/urban_flow/data/raw/imgs/urban_flow_plates/299f0363ae21d1c3_patente.jpg,M431ZM,0.83
217,B81JKY,1932-01-01,00:00,92.0,40,RUTA 9,R03,APELADA,52.0,50.0,,,
218,5777770,1932-01-01,00:00,129.0,60,AV LIBERTADOR,R02,APELADA,69.0,66.0,/content/urban_flow/data/raw/imgs/urban_flow_plates/7f56adf4b9306ac9_patente.jpg,5777770,1.0
221,RFH373,1932-01-01,09:11,156.0,80,AV SIEMPRE VIVA,R02,APELADA,76.0,72.0,,,
228,CT5B876,1932-01-01,18:10,141.0,80,RUTA 9,R02,APELADA,61.0,57.0,/content/urban_flow/data/raw/imgs/urban_flow_plates/39c193bcc0c00f9e_patente.jpg,C75B876,0.86
229,8B90638,1932-01-01,18:10,104.0,60,AV LIBERTADOR,R01,PAGADA,44.0,41.0,,,
231,AI7OVF,1932-01-01,14:07,108.0,60,AV LIBERTADOR,R03,APELADA,48.0,45.0,/content/urban_flow/data/raw/imgs/urban_flow_plates/747b0f12f54703ee_patente.jpg,AI70VF,0.83
233,NHZ1002,1932-01-01,18:10,108.0,40,AV SIEMPRE VIVA,R01,APELADA,68.0,66.0,,,
236,831MDB,1932-01-01,08:09,70.0,60,RUTA 9,R03,PAGADA,10.0,7.0,,,
240,W326AVE,1932-01-01,08:10,100.0,80,AV SIEMPRE VIVA,R01,APELADA,20.0,16.0,/content/urban_flow/data/raw/imgs/urban_flow_plates/6c144e47161867c2_patente.jpg,W326AVE,1.0
243,NHZ1002,2021-03-15,00:00,116.0,40,AV LIBERTADOR,R02,IMPAGA,76.0,74.0,,,
247,GN64OTP,1932-01-01,18:11,141.0,80,RUTA 9,R02,APELADA,61.0,57.0,,,
249,6611172,1932-01-01,08:10,78.0,60,AV LIBERTADOR,R02,APELADA,18.0,15.0,/content/urban_flow/data/raw/imgs/urban_flow_plates/7a1f9520c7ecd5b1_patente.jpg,6611172,1.0
259,HAMSTUR,1932-01-01,14:09,141.0,80,AV SIEMPRE VIVA,R03,PAGADA,61.0,57.0,,,
263,990XYK,1932-01-01,18:12,98.0,60,AV SIEMPRE VIVA,R02,PAGADA,38.0,35.0,,,
275,WEFLYN,1932-01-01,14:09,139.0,80,AV LIBERTADOR,R03,APELADA,59.0,55.0,,,
294,810TCH,1932-01-01,18:14,82.0,40,RUTA 9,R03,IMPAGA,42.0,40.0,,,
297,GOOGLE,1932-01-01,00:00,88.0,60,AV SIEMPRE VIVA,R03,APELADA,28.0,25.0,,,
303,CBMUK,1932-01-01,14:10,99.0,60,AV LIBERTADOR,R01,APELADA,39.0,36.0,,,
306,XIIUME,2023-07-26,08:12,133.0,80,AV SIEMPRE VIVA,R02,IMPAGA,53.0,49.0,/content/urban_flow/data/raw/imgs/urban_flow_plates/64de505bd2bac82b.jpg,XIIUME,1.0
307,409,2023-01-06,18:14,96.0,40,RUTA 9,R01,PAGADA,56.0,54.0,,,
311,CBMUK,2023-04-02,09:13,120.0,40,RUTA 9,R01,PAGADA,80.0,78.0,,,
315,MPX9357,1932-01-01,09:14,104.0,60,AV LIBERTADOR,R03,IMPAGA,44.0,41.0,/content/urban_flow/data/raw/imgs/urban_flow_plates/182268e1f8c6525f_patente.jpg,MPX9357,1.0
317,GN64OTP,1932-01-01,18:15,88.0,80,RUTA 9,R01,IMPAGA,8.0,4.0,,,
319,WU341A,1932-01-01,09:14,73.0,40,AV LIBERTADOR,R02,IMPAGA,33.0,31.0,,,
324,HAMSTUR,1932-01-01,09:14,96.0,80,AV LIBERTADOR,R03,PAGADA,16.0,12.0,,,
328,GN64OTP,1932-01-01,14:11,156.0,80,AV SIEMPRE VIVA,R02,PAGADA,76.0,72.0,,,
329,UM96201,1932-01-01,18:15,133.0,60,RUTA 9,R03,APELADA,73.0,70.0,/content/urban_flow/data/raw/imgs/urban_flow_plates/09453a7c716a9ef3_patente.jpg,UM96201,1.0
340,T0YDR,2021-10-25,18:15,105.0,40,AV LIBERTADOR,R03,APELADA,65.0,63.0,,,
342,6611172,2023-12-03,09:16,79.0,40,AV LIBERTADOR,R03,APELADA,39.0,37.0,/content/urban_flow/data/raw/imgs/urban_flow_plates/7a1f9520c7ecd5b1_patente.jpg,6611172,1.0
354,HF58HXP,1932-01-01,14:12,105.0,80,AV LIBERTADOR,R01,APELADA,25.0,21.0,/content/urban_flow/data/raw/imgs/urban_flow_plates/9a795bbf4e94d630_patente.jpg,HF5BHXP,0.86
356,MX60NZA,1932-01-01,09:16,67.0,60,AV LIBERTADOR,R02,PAGADA,7.0,4.0,,,
364,HK06YMX,1932-01-01,14:12,90.0,40,AV LIBERTADOR,R02,PAGADA,50.0,48.0,/content/urban_flow/data/raw/imgs/urban_flow_plates/9a4fe6361597f264_patente.jpg,HKO6YMX,0.86
371,8B90638,1932-01-01,18:17,90.0,40,RUTA 9,R01,IMPAGA,50.0,48.0,,,
380,691XC80,1932-01-01,09:18,103.0,80,AV LIBERTADOR,R01,APELADA,23.0,19.0,/content/urban_flow/data/raw/imgs/urban_flow_plates/5a122adbb1a776b7_patente.jpg,691XC80,1.0
382,589222,1932-01-01,08:14,135.0,80,AV SIEMPRE VIVA,R01,IMPAGA,55.0,51.0,/content/urban_flow/data/raw/imgs/urban_flow_plates/246a0e4264a39433_patente.jpg,589222,1.0
385,409,2021-07-14,08:14,45.0,40,AV LIBERTADOR,R02,APELADA,5.0,3.0,,,
387,MX60NZA,1932-01-01,00:00,125.0,60,AV SIEMPRE VIVA,R02,IMPAGA,65.0,62.0,,,
389,GE1466,1932-01-01,14:13,112.0,80,AV LIBERTADOR,R03,IMPAGA,32.0,28.0,,,
397,HF3461,1932-01-01,00:00,94.0,80,RUTA 9,R02,APELADA,14.0,10.0,/content/urban_flow/data/raw/imgs/urban_flow_plates/a6e3b0b73220cd32_patente.jpg,HF3461,1.0
399,810TCH,1932-01-01,09:19,69.0,40,AV SIEMPRE VIVA,R03,IMPAGA,29.0,27.0,,,
402,YLO8WUE,1932-01-01,09:19,119.0,60,RUTA 9,R02,APELADA,59.0,56.0,,,
404,PIW4215,1932-01-01,18:18,49.0,40,AV SIEMPRE VIVA,R03,PAGADA,9.0,7.0,,,
406,WU08YWC,1932-01-01,09:20,155.0,80,AV LIBERTADOR,R02,PAGADA,75.0,71.0,,,
407,6EVY261,1932-01-01,08:15,115.0,60,RUTA 9,R01,PAGADA,55.0,52.0,,,
408,MVU4688,1932-01-01,18:18,91.0,40,AV LIBERTADOR,R02,IMPAGA,51.0,49.0,/content/urban_flow/data/raw/imgs/urban_flow_plates/3feecc5809a29627_patente.jpg,MVU4688,1.0
410,UM96201,1932-01-01,00:00,98.0,60,AV SIEMPRE VIVA,R01,PAGADA,38.0,35.0,/content/urban_flow/data/raw/imgs/urban_flow_plates/09453a7c716a9ef3_patente.jpg,UM96201,1.0
414,YLO8WUE,1932-01-01,09:20,59.0,40,AV LIBERTADOR,R02,IMPAGA,19.0,17.0,,,
416,BX55DOG,1932-01-01,14:13,97.0,40,AV LIBERTADOR,R01,IMPAGA,57.0,55.0,,,
421,XIIUME,1932-01-01,08:15,115.0,40,RUTA 9,R02,PAGADA,75.0,73.0,/content/urban_flow/data/raw/imgs/urban_flow_plates/64de505bd2bac82b.jpg,XIIUME,1.0
422,XIIUME,1932-01-01,18:19,116.0,60,AV SIEMPRE VIVA,R01,IMPAGA,56.0,53.0,/content/urban_flow/data/raw/imgs/urban_flow_plates/64de505bd2bac82b.jpg,XIIUME,1.0
428,GN64OTP,1932-01-01,09:20,68.0,60,RUTA 9,R03,APELADA,8.0,5.0,,,
432,6NCE831,2023-06-20,09:21,88.0,80,RUTA 9,R01,PAGADA,8.0,4.0,,,
433,VY90540,1932-01-01,08:16,66.0,60,RUTA 9,R03,APELADA,6.0,3.0,/content/urban_flow/data/raw/imgs/urban_flow_plates/288a95c01e43cd14_patente.jpg,VY90540,1.0
435,T0YDR,1932-01-01,00:00,91.0,60,RUTA 9,R01,PAGADA,31.0,28.0,,,
444,3646HBH,1932-01-01,00:00,74.0,60,AV LIBERTADOR,R02,PAGADA,14.0,11.0,/content/urban_flow/data/raw/imgs/urban_flow_plates/d3729058c6a4186e_patente.jpg,3646HBH,1.0
449,CD05601,1932-01-01,09:21,99.0,80,AV LIBERTADOR,R02,IMPAGA,19.0,15.0,,,
456,XIIUME,2020-05-05,18:21,116.0,80,AV LIBERTADOR,R02,IMPAGA,36.0,32.0,/content/urban_flow/data/raw/imgs/urban_flow_plates/64de505bd2bac82b.jpg,XIIUME,1.0
467,OUTSTDN,1932-01-01,00:00,146.0,80,AV SIEMPRE VIVA,R01,PAGADA,66.0,62.0,,,
471,B81JKY,1932-01-01,00:00,84.0,60,AV SIEMPRE VIVA,R03,PAGADA,24.0,21.0,,,
472,YLO8WUE,2020-04-28,00:00,75.0,40,AV LIBERTADOR,R02,PAGADA,35.0,33.0,,,
473,2999961,2021-03-29,18:22,99.0,60,AV SIEMPRE VIVA,R03,IMPAGA,39.0,36.0,/content/urban_flow/data/raw/imgs/urban_flow_plates/5ff91ccfc6f15d04_patente.jpg,2999961,1.0
476,6NCE831,1932-01-01,00:00,106.0,60,AV SIEMPRE VIVA,R03,PAGADA,46.0,43.0,,,
479,PIW4215,1932-01-01,18:22,94.0,80,AV LIBERTADOR,R01,PAGADA,14.0,10.0,,,
481,831MDB,1932-01-01,09:23,93.0,80,RUTA 9,R03,IMPAGA,13.0,9.0,,,
484,UM96201,1932-01-01,08:17,77.0,40,AV SIEMPRE VIVA,R02,IMPAGA,37.0,35.0,/content/urban_flow/data/raw/imgs/urban_flow_plates/09453a7c716a9ef3_patente.jpg,UM96201,1.0
488,6611172,1932-01-01,14:15,100.0,60,AV LIBERTADOR,R03,PAGADA,40.0,37.0,/content/urban_flow/data/raw/imgs/urban_flow_plates/7a1f9520c7ecd5b1_patente.jpg,6611172,1.0
490,81ZFJD,2020-04-10,09:23,62.0,40,AV SIEMPRE VIVA,R03,IMPAGA,22.0,20.0,,,
492,M431ZW,1932-01-01,09:23,62.0,40,AV SIEMPRE VIVA,R02,APELADA,22.0,20.0,/content/urban_flow/data/raw/imgs/urban_flow_plates/299f0363ae21d1c3_patente.jpg,M431ZM,0.83
493,MPX9357,1932-01-01,09:23,80.0,60,AV LIBERTADOR,R02,PAGADA,20.0,17.0,/content/urban_flow/data/raw/imgs/urban_flow_plates/182268e1f8c6525f_patente.jpg,MPX9357,1.0
497,BB8986,1932-01-01,14:16,150.0,80,AV SIEMPRE VIVA,R02,IMPAGA,70.0,66.0,/content/urban_flow/data/raw/imgs/urban_flow_plates/7cbc7ee444622a66_patente.jpg,BB8986,1.0
498,BX55DOG,1932-01-01,00:00,103.0,60,RUTA 9,R03,APELADA,43.0,40.0,,,
506,691XC80,1932-01-01,14:16,53.0,40,AV LIBERTADOR,R01,PAGADA,13.0,11.0,/content/urban_flow/data/raw/imgs/urban_flow_plates/5a122adbb1a776b7_patente.jpg,691XC80,1.0
514,9999868,2022-02-09,09:24,71.0,40,AV SIEMPRE VIVA,R02,APELADA,31.0,29.0,,,
515,MX60NZA,1932-01-01,18:24,117.0,80,AV LIBERTADOR,R02,PAGADA,37.0,33.0,,,
518,GOOGLE,1932-01-01,18:24,146.0,80,AV SIEMPRE VIVA,R01,APELADA,66.0,62.0,,,
519,WU08YWC,2022-10-15,08:18,100.0,40,AV LIBERTADOR,R01,IMPAGA,60.0,58.0,,,
524,HF3461,1932-01-01,18:24,87.0,80,AV LIBERTADOR,R03,IMPAGA,7.0,3.0,/content/urban_flow/data/raw/imgs/urban_flow_plates/a6e3b0b73220cd32_patente.jpg,HF3461,1.0
526,FD1475,2022-07-30,00:00,129.0,60,AV LIBERTADOR,R02,APELADA,69.0,66.0,/content/urban_flow/data/raw/imgs/urban_flow_plates/d8daed582e6cce2d_patente.jpg,FD147,0.83
536,HAMSTUR,1932-01-01,08:19,47.0,40,AV SIEMPRE VIVA,R02,PAGADA,7.0,5.0,,,
541,WEFLYN,1932-01-01,08:19,118.0,40,RUTA 9,R03,APELADA,78.0,76.0,,,
545,WEFLYN,1932-01-01,09:25,81.0,60,AV SIEMPRE VIVA,R01,IMPAGA,21.0,18.0,,,
551,MX60NZA,1932-01-01,00:00,90.0,60,RUTA 9,R02,IMPAGA,30.0,27.0,,,
555,HAMSTUR,1932-01-01,14:18,98.0,40,AV LIBERTADOR,R01,APELADA,58.0,56.0,,,
564,6611172,1932-01-01,14:18,118.0,80,AV LIBERTADOR,R03,APELADA,38.0,34.0,/content/urban_flow/data/raw/imgs/urban_flow_plates/7a1f9520c7ecd5b1_patente.jpg,6611172,1.0
565,6NCE831,1932-01-01,14:19,134.0,80,AV LIBERTADOR,R02,APELADA,54.0,50.0,,,
571,FVIOUHP,1932-01-01,09:26,87.0,60,RUTA 9,R01,IMPAGA,27.0,24.0,/content/urban_flow/data/raw/imgs/urban_flow_plates/28e26a4eb646c67a_patente.jpg,FVIDUHP,0.86
574,GE1466,1932-01-01,18:26,78.0,60,RUTA 9,R01,APELADA,18.0,15.0,,,
578,HF3461,1932-01-01,09:27,126.0,80,AV SIEMPRE VIVA,R02,APELADA,46.0,42.0,/content/urban_flow/data/raw/imgs/urban_flow_plates/a6e3b0b73220cd32_patente.jpg,HF3461,1.0
581,8B90638,1932-01-01,18:26,107.0,60,AV LIBERTADOR,R03,APELADA,47.0,44.0,,,
582,INTIGR8,1932-01-01,14:20,95.0,60,AV SIEMPRE VIVA,R01,APELADA,35.0,32.0,,,
583,DK414N,1932-01-01,08:21,76.0,60,AV SIEMPRE VIVA,R03,APELADA,16.0,13.0,,,
587,HF3461,1932-01-01,00:00,100.0,40,AV SIEMPRE VIVA,R01,PAGADA,60.0,58.0,/content/urban_flow/data/raw/imgs/urban_flow_plates/a6e3b0b73220cd32_patente.jpg,HF3461,1.0
593,B81JKY,2022-06-01,18:27,141.0,80,AV SIEMPRE VIVA,R02,PAGADA,61.0,57.0,,,
600,WEFLYN,1932-01-01,14:20,153.0,80,AV LIBERTADOR,R03,IMPAGA,73.0,69.0,,,
608,FD1475,2020-10-21,08:22,113.0,80,AV LIBERTADOR,R02,APELADA,33.0,29.0,/content/urban_flow/data/raw/imgs/urban_flow_plates/d8daed582e6cce2d_patente.jpg,FD147,0.83
613,T0YDR,1932-01-01,08:22,111.0,80,AV LIBERTADOR,R03,APELADA,31.0,27.0,,,
615,GOOGLE,1932-01-01,18:28,116.0,80,RUTA 9,R03,APELADA,36.0,32.0,,,
616,HF58HXP,1932-01-01,14:21,76.0,60,AV SIEMPRE VIVA,R02,PAGADA,16.0,13.0,/content/urban_flow/data/raw/imgs/urban_flow_plates/9a795bbf4e94d630_patente.jpg,HF5BHXP,0.86
625,VTIIAHV,1932-01-01,09:29,97.0,80,AV LIBERTADOR,R01,APELADA,17.0,13.0,,,
626,589222,1932-01-01,09:29,131.0,80,AV SIEMPRE VIVA,R02,PAGADA,51.0,47.0,/content/urban_flow/data/raw/imgs/urban_flow_plates/246a0e4264a39433_patente.jpg,589222,1.0
629,FVIOUHP,1932-01-01,00:00,88.0,40,AV SIEMPRE VIVA,R02,APELADA,48.0,46.0,/content/urban_flow/data/raw/imgs/urban_flow_plates/28e26a4eb646c67a_patente.jpg,FVIDUHP,0.86
637,FVIOUHP,1932-01-01,08:23,139.0,60,AV SIEMPRE VIVA,R03,IMPAGA,79.0,76.0,/content/urban_flow/data/raw/imgs/urban_flow_plates/28e26a4eb646c67a_patente.jpg,FVIDUHP,0.86
639,MPX9357,2022-11-28,14:21,134.0,60,RUTA 9,R02,IMPAGA,74.0,71.0,/content/urban_flow/data/raw/imgs/urban_flow_plates/182268e1f8c6525f_patente.jpg,MPX9357,1.0
643,YLO8WUE,1932-01-01,14:22,87.0,60,AV SIEMPRE VIVA,R02,PAGADA,27.0,24.0,,,
647,HK06YMX,1932-01-01,14:22,95.0,80,RUTA 9,R03,IMPAGA,15.0,11.0,/content/urban_flow/data/raw/imgs/urban_flow_plates/9a4fe6361597f264_patente.jpg,HKO6YMX,0.86
648,TL03GOG,1932-01-01,09:30,85.0,60,RUTA 9,R03,IMPAGA,25.0,22.0,,,
650,NTHGLFT,2020-06-14,00:00,86.0,80,AV LIBERTADOR,R03,PAGADA,6.0,2.0,,,
652,HAMSTUR,2022-06-10,14:22,75.0,40,AV SIEMPRE VIVA,R03,PAGADA,35.0,33.0,,,
664,PIW4215,1932-01-01,18:30,73.0,40,RUTA 9,R02,IMPAGA,33.0,31.0,,,
665,J1S1,1932-01-01,08:24,75.0,60,RUTA 9,R02,PAGADA,15.0,12.0,/content/urban_flow/data/raw/imgs/urban_flow_plates/e82f13b4a2fe69f3_patente_1.jpg,J1S1,1.0
669,BX55DOG,1932-01-01,14:23,82.0,60,RUTA 9,R03,APELADA,22.0,19.0,,,
670,NTHGLFT,2020-02-04,00:00,55.0,40,AV SIEMPRE VIVA,R01,APELADA,15.0,13.0,,,
671,T0YDR,1932-01-01,09:31,52.0,40,RUTA 9,R03,PAGADA,12.0,10.0,,,
675,WEFLYN,1932-01-01,14:23,104.0,60,AV LIBERTADOR,R03,PAGADA,44.0,41.0,,,
677,990XYK,1932-01-01,00:00,74.0,40,AV LIBERTADOR,R01,IMPAGA,34.0,32.0,,,
684,AI7OVF,1932-01-01,18:31,113.0,60,AV LIBERTADOR,R03,APELADA,53.0,50.0,/content/urban_flow/data/raw/imgs/urban_flow_plates/747b0f12f54703ee_patente.jpg,AI70VF,0.83
699,DK414N,1932-01-01,09:33,133.0,60,RUTA 9,R02,APELADA,73.0,70.0,,,
700,PIW4215,1932-01-01,09:33,96.0,80,AV SIEMPRE VIVA,R03,PAGADA,16.0,12.0,,,
713,BHRP770,2020-12-12,00:00,119.0,80,AV LIBERTADOR,R01,APELADA,39.0,35.0,/content/urban_flow/data/raw/imgs/urban_flow_plates/321ffb38656f7311_patente.jpg,BHRP770,1.0
714,9999868,2021-01-25,09:34,149.0,80,AV SIEMPRE VIVA,R01,PAGADA,69.0,65.0,,,
718,831MDB,1932-01-01,08:25,135.0,60,AV LIBERTADOR,R02,APELADA,75.0,72.0,,,
720,RFH373,2023-08-21,08:25,116.0,80,AV LIBERTADOR,R03,APELADA,36.0,32.0,,,
727,HF58HXP,1932-01-01,08:26,69.0,60,AV LIBERTADOR,R01,IMPAGA,9.0,6.0,/content/urban_flow/data/raw/imgs/urban_flow_plates/9a795bbf4e94d630_patente.jpg,HF5BHXP,0.86
732,CT5B876,1932-01-01,14:25,88.0,80,AV SIEMPRE VIVA,R01,IMPAGA,8.0,4.0,/content/urban_flow/data/raw/imgs/urban_flow_plates/39c193bcc0c00f9e_patente.jpg,C75B876,0.86
733,2999961,1932-01-01,00:00,127.0,60,RUTA 9,R01,APELADA,67.0,64.0,/content/urban_flow/data/raw/imgs/urban_flow_plates/5ff91ccfc6f15d04_patente.jpg,2999961,1.0
734,FVIOUHP,1932-01-01,08:26,111.0,80,AV SIEMPRE VIVA,R03,PAGADA,31.0,27.0,/content/urban_flow/data/raw/imgs/urban_flow_plates/28e26a4eb646c67a_patente.jpg,FVIDUHP,0.86
737,AWS167,1932-01-01,14:25,118.0,60,AV SIEMPRE VIVA,R01,APELADA,58.0,55.0,,,
752,T0YDR,2022-04-08,18:34,126.0,60,AV SIEMPRE VIVA,R02,IMPAGA,66.0,63.0,,,
759,VTIIAHV,2023-06-04,08:27,118.0,60,AV LIBERTADOR,R02,APELADA,58.0,55.0,,,
770,RFH373,1932-01-01,09:36,104.0,40,AV LIBERTADOR,R02,APELADA,64.0,62.0,,,
773,DI2LOT,1932-01-01,08:28,115.0,40,AV LIBERTADOR,R03,APELADA,75.0,73.0,,,
776,J1S1,1932-01-01,18:36,89.0,40,RUTA 9,R01,IMPAGA,49.0,47.0,/content/urban_flow/data/raw/imgs/urban_flow_plates/e82f13b4a2fe69f3_patente_1.jpg,J1S1,1.0
779,OUTSTDN,1932-01-01,00:00,104.0,60,RUTA 9,R03,PAGADA,44.0,41.0,,,
783,HF58HXP,1932-01-01,08:29,90.0,60,AV SIEMPRE VIVA,R01,PAGADA,30.0,27.0,/content/urban_flow/data/raw/imgs/urban_flow_plates/9a795bbf4e94d630_patente.jpg,HF5BHXP,0.86
784,BB8986,1932-01-01,18:36,82.0,60,RUTA 9,R02,IMPAGA,22.0,19.0,/content/urban_flow/data/raw/imgs/urban_flow_plates/7cbc7ee444622a66_patente.jpg,BB8986,1.0
787,8B90638,1932-01-01,14:28,136.0,80,AV LIBERTADOR,R02,IMPAGA,56.0,52.0,,,
792,589222,2021-09-25,18:37,153.0,80,AV SIEMPRE VIVA,R02,APELADA,73.0,69.0,/content/urban_flow/data/raw/imgs/urban_flow_plates/246a0e4264a39433_patente.jpg,589222,1.0
793,CBMUK,1932-01-01,09:36,93.0,60,AV LIBERTADOR,R03,IMPAGA,33.0,30.0,,,
807,W326AVE,2023-08-15,08:30,82.0,60,RUTA 9,R02,APELADA,22.0,19.0,/content/urban_flow/data/raw/imgs/urban_flow_plates/6c144e47161867c2_patente.jpg,W326AVE,1.0
811,AWS167,1932-01-01,08:30,71.0,40,AV LIBERTADOR,R03,IMPAGA,31.0,29.0,,,
814,M431ZW,1932-01-01,00:00,132.0,60,AV LIBERTADOR,R01,APELADA,72.0,69.0,/content/urban_flow/data/raw/imgs/urban_flow_plates/299f0363ae21d1c3_patente.jpg,M431ZM,0.83
816,DK414N,1932-01-01,09:37,117.0,80,AV LIBERTADOR,R03,IMPAGA,37.0,33.0,,,
819,6EVY261,2024-01-07,09:37,135.0,80,AV LIBERTADOR,R01,IMPAGA,55.0,51.0,,,
821,BM351,1932-01-01,00:00,116.0,80,RUTA 9,R01,IMPAGA,36.0,32.0,/content/urban_flow/data/raw/imgs/urban_flow_plates/9995dfc6e0eae5a1_patente.jpg,BM351,1.0
827,HF58HXP,1932-01-01,18:38,153.0,80,RUTA 9,R03,IMPAGA,73.0,69.0,/content/urban_flow/data/raw/imgs/urban_flow_plates/9a795bbf4e94d630_patente.jpg,HF5BHXP,0.86
842,AI7OVF,1932-01-01,14:30,54.0,40,AV LIBERTADOR,R03,PAGADA,14.0,12.0,/content/urban_flow/data/raw/imgs/urban_flow_plates/747b0f12f54703ee_patente.jpg,AI70VF,0.83
843,CD05601,1932-01-01,14:30,151.0,80,AV SIEMPRE VIVA,R01,PAGADA,71.0,67.0,,,
847,UM96201,2021-06-18,18:38,135.0,60,AV SIEMPRE VIVA,R02,APELADA,75.0,72.0,/content/urban_flow/data/raw/imgs/urban_flow_plates/09453a7c716a9ef3_patente.jpg,UM96201,1.0
850,6EVY261,1932-01-01,09:39,98.0,80,AV LIBERTADOR,R01,IMPAGA,18.0,14.0,,,
851,6EVY261,1932-01-01,09:39,117.0,40,AV LIBERTADOR,R02,IMPAGA,77.0,75.0,,,
853,PIW4215,1932-01-01,00:00,99.0,60,AV LIBERTADOR,R02,IMPAGA,39.0,36.0,,,
855,NTHGLFT,1932-01-01,09:40,108.0,40,AV LIBERTADOR,R01,APELADA,68.0,66.0,,,
872,990XYK,2024-01-08,14:31,80.0,40,RUTA 9,R01,PAGADA,40.0,38.0,,,
873,INTIGR8,1932-01-01,14:32,113.0,60,AV LIBERTADOR,R02,PAGADA,53.0,50.0,,,
882,BB8986,1932-01-01,14:32,124.0,80,AV LIBERTADOR,R01,APELADA,44.0,40.0,/content/urban_flow/data/raw/imgs/urban_flow_plates/7cbc7ee444622a66_patente.jpg,BB8986,1.0
884,6NCE831,2022-07-02,09:41,69.0,60,AV LIBERTADOR,R01,APELADA,9.0,6.0,,,
888,9999868,2023-04-07,09:41,53.0,40,AV LIBERTADOR,R01,IMPAGA,13.0,11.0,,,
890,BP717,1932-01-01,08:33,133.0,60,AV LIBERTADOR,R03,APELADA,73.0,70.0,/content/urban_flow/data/raw/imgs/urban_flow_plates/e1120bfe48f85c1b_patente.jpg,BP717,1.0
893,VTIIAHV,2021-08-17,00:00,83.0,40,RUTA 9,R03,IMPAGA,43.0,41.0,,,
897,MVU4688,2023-09-01,08:33,90.0,60,AV LIBERTADOR,R03,IMPAGA,30.0,27.0,/content/urban_flow/data/raw/imgs/urban_flow_plates/3feecc5809a29627_patente.jpg,MVU4688,1.0
900,BM351,1932-01-01,08:34,85.0,40,AV SIEMPRE VIVA,R01,PAGADA,45.0,43.0,/content/urban_flow/data/raw/imgs/urban_flow_plates/9995dfc6e0eae5a1_patente.jpg,BM351,1.0
904,VTIIAHV,1932-01-01,00:00,85.0,60,AV SIEMPRE VIVA,R02,PAGADA,25.0,22.0,,,
906,41RSTZ,1932-01-01,09:41,57.0,40,AV LIBERTADOR,R01,APELADA,17.0,15.0,,,
909,691XC80,1932-01-01,08:34,117.0,80,AV LIBERTADOR,R02,IMPAGA,37.0,33.0,/content/urban_flow/data/raw/imgs/urban_flow_plates/5a122adbb1a776b7_patente.jpg,691XC80,1.0
914,UM96201,1932-01-01,18:41,96.0,80,AV LIBERTADOR,R01,APELADA,16.0,12.0,/content/urban_flow/data/raw/imgs/urban_flow_plates/09453a7c716a9ef3_patente.jpg,UM96201,1.0
915,J1S1,1932-01-01,08:34,105.0,60,RUTA 9,R03,IMPAGA,45.0,42.0,/content/urban_flow/data/raw/imgs/urban_flow_plates/e82f13b4a2fe69f3_patente_1.jpg,J1S1,1.0
920,DK414N,1932-01-01,09:42,142.0,80,AV LIBERTADOR,R02,APELADA,62.0,58.0,,,
923,8B90638,1932-01-01,08:35,111.0,80,RUTA 9,R03,PAGADA,31.0,27.0,,,
935,9999868,1932-01-01,14:34,87.0,80,AV SIEMPRE VIVA,R03,IMPAGA,7.0,3.0,,,
936,41RSTZ,1932-01-01,09:42,74.0,60,RUTA 9,R01,APELADA,14.0,11.0,,,
946,2999961,1932-01-01,00:00,97.0,80,AV SIEMPRE VIVA,R02,PAGADA,17.0,13.0,/content/urban_flow/data/raw/imgs/urban_flow_plates/5ff91ccfc6f15d04_patente.jpg,2999961,1.0
949,NHZ1002,2020-03-15,08:36,127.0,60,AV SIEMPRE VIVA,R01,APELADA,67.0,64.0,,,
954,VTIIAHV,1932-01-01,00:00,91.0,60,RUTA 9,R01,IMPAGA,31.0,28.0,,,
966,M20CPR,2023-06-22,00:00,87.0,80,AV LIBERTADOR,R03,IMPAGA,7.0,3.0,,,
967,INTIGR8,1932-01-01,08:38,81.0,60,AV LIBERTADOR,R03,IMPAGA,21.0,18.0,,,
968,CD05601,1932-01-01,18:43,66.0,60,AV SIEMPRE VIVA,R01,APELADA,6.0,3.0,,,
973,HK06YMX,1932-01-01,09:44,121.0,60,AV LIBERTADOR,R02,PAGADA,61.0,58.0,/content/urban_flow/data/raw/imgs/urban_flow_plates/9a4fe6361597f264_patente.jpg,HKO6YMX,0.86
976,9999868,1932-01-01,14:35,109.0,60,AV SIEMPRE VIVA,R01,PAGADA,49.0,46.0,,,
977,BB8986,2022-03-14,09:44,81.0,60,RUTA 9,R02,PAGADA,21.0,18.0,/content/urban_flow/data/raw/imgs/urban_flow_plates/7cbc7ee444622a66_patente.jpg,BB8986,1.0
979,XIIUME,2023-06-18,14:36,68.0,60,AV SIEMPRE VIVA,R03,APELADA,8.0,5.0,/content/urban_flow/data/raw/imgs/urban_flow_plates/64de505bd2bac82b.jpg,XIIUME,1.0
983,YLO8WUE,1932-01-01,18:44,59.0,40,AV SIEMPRE VIVA,R01,APELADA,19.0,17.0,,,
988,6NCE831,1932-01-01,00:00,111.0,60,AV LIBERTADOR,R03,APELADA,51.0,48.0,,,
992,TL03GOG,1932-01-01,08:39,128.0,60,AV LIBERTADOR,R01,IMPAGA,68.0,65.0,,,
995,VY90540,1932-01-01,14:36,89.0,60,AV LIBERTADOR,R03,IMPAGA,29.0,26.0,/content/urban_flow/data/raw/imgs/urban_flow_plates/288a95c01e43cd14_patente.jpg,VY90540,1.0
996,0695DVH,1932-01-01,08:39,59.0,40,AV SIEMPRE VIVA,R03,IMPAGA,19.0,17.0,,,
997,GLEN1E,1932-01-01,00:00,83.0,40,AV LIBERTADOR,R02,PAGADA,43.0,41.0,,,
1000,691XC80,1932-01-01,00:00,121.0,60,AV LIBERTADOR,R02,APELADA,61.0,58.0,/content/urban_flow/data/raw/imgs/urban_flow_plates/5a122adbb1a776b7_patente.jpg,691XC80,1.0
1002,NHZ1002,1932-01-01,18:44,71.0,40,RUTA 9,R03,IMPAGA,31.0,29.0,,,
1007,T0YDR,1932-01-01,09:45,89.0,60,AV LIBERTADOR,R03,IMPAGA,29.0,26.0,,,
1009,HF3461,1932-01-01,18:45,132.0,80,AV SIEMPRE VIVA,R03,APELADA,52.0,48.0,/content/urban_flow/data/raw/imgs/urban_flow_plates/a6e3b0b73220cd32_patente.jpg,HF3461,1.0
1013,8B90638,2020-11-15,00:00,55.0,40,RUTA 9,R01,PAGADA,15.0,13.0,,,
1016,BP717,1932-01-01,18:45,82.0,60,AV SIEMPRE VIVA,R03,APELADA,22.0,19.0,/content/urban_flow/data/raw/imgs/urban_flow_plates/e1120bfe48f85c1b_patente.jpg,BP717,1.0
1019,HAMSTUR,1932-01-01,18:45,71.0,60,AV LIBERTADOR,R03,IMPAGA,11.0,8.0,,,
1022,831MDB,1932-01-01,09:46,153.0,80,AV LIBERTADOR,R01,IMPAGA,73.0,69.0,,,
1026,81ZFJD,1932-01-01,08:40,119.0,40,RUTA 9,R03,APELADA,79.0,77.0,,,
1032,MVU4688,2020-01-22,09:46,138.0,60,RUTA 9,R03,IMPAGA,78.0,75.0,/content/urban_flow/data/raw/imgs/urban_flow_plates/3feecc5809a29627_patente.jpg,MVU4688,1.0
1035,VY90540,1932-01-01,08:41,118.0,40,AV LIBERTADOR,R02,PAGADA,78.0,76.0,/content/urban_flow/data/raw/imgs/urban_flow_plates/288a95c01e43cd14_patente.jpg,VY90540,1.0
1037,HF58HXP,2021-03-22,00:00,91.0,80,RUTA 9,R01,IMPAGA,11.0,7.0,/content/urban_flow/data/raw/imgs/urban_flow_plates/9a795bbf4e94d630_patente.jpg,HF5BHXP,0.86
1043,M20CPR,1932-01-01,00:00,140.0,60,AV LIBERTADOR,R03,APELADA,80.0,77.0,,,
1046,9999868,1932-01-01,14:38,101.0,60,RUTA 9,R02,APELADA,41.0,38.0,,,
1048,41RSTZ,1932-01-01,14:38,118.0,60,AV SIEMPRE VIVA,R01,PAGADA,58.0,55.0,,,
1062,UM96201,2023-08-10,18:47,93.0,60,AV LIBERTADOR,R03,PAGADA,33.0,30.0,/content/urban_flow/data/raw/imgs/urban_flow_plates/09453a7c716a9ef3_patente.jpg,UM96201,1.0
1063,409,2024-01-02,14:39,126.0,80,RUTA 9,R01,IMPAGA,46.0,42.0,,,
1074,T0YDR,2023-10-10,09:48,157.0,80,AV SIEMPRE VIVA,R02,IMPAGA,77.0,73.0,,,
1079,UW3932,1932-01-01,18:48,141.0,80,AV LIBERTADOR,R01,IMPAGA,61.0,57.0,,,
1080,WEFLYN,1932-01-01,14:39,148.0,80,RUTA 9,R01,APELADA,68.0,64.0,,,
1085,81ZFJD,1932-01-01,18:48,123.0,80,AV LIBERTADOR,R01,IMPAGA,43.0,39.0,,,
1089,UW3932,1932-01-01,08:43,153.0,80,AV LIBERTADOR,R01,IMPAGA,73.0,69.0,,,
1090,6611172,1932-01-01,00:00,136.0,80,AV SIEMPRE VIVA,R03,PAGADA,56.0,52.0,/content/urban_flow/data/raw/imgs/urban_flow_plates/7a1f9520c7ecd5b1_patente.jpg,6611172,1.0
1091,FVIOUHP,1932-01-01,14:40,142.0,80,AV LIBERTADOR,R01,APELADA,62.0,58.0,/content/urban_flow/data/raw/imgs/urban_flow_plates/28e26a4eb646c67a_patente.jpg,FVIDUHP,0.86
1094,TL03GOG,2022-07-01,14:40,113.0,60,RUTA 9,R01,PAGADA,53.0,50.0,,,
1095,GE1466,2021-02-15,14:41,86.0,40,RUTA 9,R03,PAGADA,46.0,44.0,,,
1097,M431ZW,1932-01-01,00:00,69.0,60,AV LIBERTADOR,R02,PAGADA,9.0,6.0,/content/urban_flow/data/raw/imgs/urban_flow_plates/299f0363ae21d1c3_patente.jpg,M431ZM,0.83
1101,6EVY261,1932-01-01,18:49,47.0,40,AV SIEMPRE VIVA,R01,APELADA,7.0,5.0,,,
1113,INTIGR8,1932-01-01,00:00,95.0,40,AV SIEMPRE VIVA,R02,PAGADA,55.0,53.0,,,
1120,T0YDR,2020-09-28,18:50,68.0,40,AV LIBERTADOR,R03,IMPAGA,28.0,26.0,,,
1127,2999961,1932-01-01,00:00,88.0,60,AV LIBERTADOR,R02,APELADA,28.0,25.0,/content/urban_flow/data/raw/imgs/urban_flow_plates/5ff91ccfc6f15d04_patente.jpg,2999961,1.0
1128,INTIGR8,2023-05-25,00:00,114.0,60,AV SIEMPRE VIVA,R02,APELADA,54.0,51.0,,,
1129,XIIUME,1932-01-01,14:42,158.0,80,AV SIEMPRE VIVA,R03,IMPAGA,78.0,74.0,/content/urban_flow/data/raw/imgs/urban_flow_plates/64de505bd2bac82b.jpg,XIIUME,1.0
1139,GLEN1E,1932-01-01,14:42,75.0,40,AV SIEMPRE VIVA,R02,PAGADA,35.0,33.0,,,
1141,J1S1,1932-01-01,00:00,91.0,40,AV SIEMPRE VIVA,R03,APELADA,51.0,49.0,/content/urban_flow/data/raw/imgs/urban_flow_plates/e82f13b4a2fe69f3_patente_1.jpg,J1S1,1.0
1148,WU08YWC,1932-01-01,14:42,146.0,80,AV LIBERTADOR,R03,IMPAGA,66.0,62.0,,,
1156,M431ZW,1932-01-01,00:00,114.0,60,AV SIEMPRE VIVA,R03,PAGADA,54.0,51.0,/content/urban_flow/data/raw/imgs/urban_flow_plates/299f0363ae21d1c3_patente.jpg,M431ZM,0.83
1162,6NCE831,1932-01-01,08:46,62.0,40,AV LIBERTADOR,R01,PAGADA,22.0,20.0,,,
1164,AWS167,1932-01-01,08:46,85.0,40,RUTA 9,R01,IMPAGA,45.0,43.0,,,
1165,409,1932-01-01,09:51,111.0,40,AV LIBERTADOR,R03,IMPAGA,71.0,69.0,,,
1167,81ZFJD,1932-01-01,09:51,113.0,40,AV SIEMPRE VIVA,R02,IMPAGA,73.0,71.0,,,
1169,2999961,1932-01-01,00:00,155.0,80,RUTA 9,R02,APELADA,75.0,71.0,/content/urban_flow/data/raw/imgs/urban_flow_plates/5ff91ccfc6f15d04_patente.jpg,2999961,1.0
1170,81ZFJD,1932-01-01,00:00,116.0,60,AV SIEMPRE VIVA,R02,IMPAGA,56.0,53.0,,,
1176,409,1932-01-01,08:47,90.0,80,RUTA 9,R03,APELADA,10.0,6.0,,,
1181,NHZ1002,2020-11-13,18:51,71.0,40,RUTA 9,R03,APELADA,31.0,29.0,,,
1191,WU08YWC,2020-05-01,00:00,86.0,80,AV SIEMPRE VIVA,R01,PAGADA,6.0,2.0,,,
1195,AI7OVF,1932-01-01,09:52,60.0,40,RUTA 9,R01,IMPAGA,20.0,18.0,/content/urban_flow/data/raw/imgs/urban_flow_plates/747b0f12f54703ee_patente.jpg,AI70VF,0.83
1197,GOOGLE,2023-02-13,08:47,67.0,60,AV LIBERTADOR,R02,PAGADA,7.0,4.0,,,
1200,WU08YWC,1932-01-01,14:44,111.0,60,RUTA 9,R01,IMPAGA,51.0,48.0,,,
1203,BB8986,1932-01-01,00:00,104.0,60,AV LIBERTADOR,R01,APELADA,44.0,41.0,/content/urban_flow/data/raw/imgs/urban_flow_plates/7cbc7ee444622a66_patente.jpg,BB8986,1.0
1204,HF3461,1932-01-01,18:53,94.0,80,AV SIEMPRE VIVA,R01,PAGADA,14.0,10.0,/content/urban_flow/data/raw/imgs/urban_flow_plates/a6e3b0b73220cd32_patente.jpg,HF3461,1.0
1209,GN64OTP,1932-01-01,09:53,118.0,80,AV LIBERTADOR,R02,PAGADA,38.0,34.0,,,
1230,GCP332,1932-01-01,09:54,111.0,40,AV LIBERTADOR,R01,IMPAGA,71.0,69.0,,,
1231,BHRP770,2022-12-11,14:44,115.0,60,AV LIBERTADOR,R02,APELADA,55.0,52.0,/content/urban_flow/data/raw/imgs/urban_flow_plates/321ffb38656f7311_patente.jpg,BHRP770,1.0
1236,T0YDR,1932-01-01,00:00,120.0,60,AV SIEMPRE VIVA,R02,PAGADA,60.0,57.0,,,
1242,409,1932-01-01,00:00,107.0,60,AV LIBERTADOR,R02,PAGADA,47.0,44.0,,,
1254,HF58HXP,1932-01-01,00:00,86.0,80,AV SIEMPRE VIVA,R03,IMPAGA,6.0,2.0,/content/urban_flow/data/raw/imgs/urban_flow_plates/9a795bbf4e94d630_patente.jpg,HF5BHXP,0.86
1255,T0YDR,1932-01-01,09:54,139.0,60,AV LIBERTADOR,R03,APELADA,79.0,76.0,,,
1257,J1S1,1932-01-01,08:50,60.0,40,AV LIBERTADOR,R01,IMPAGA,20.0,18.0,/content/urban_flow/data/raw/imgs/urban_flow_plates/e82f13b4a2fe69f3_patente_1.jpg,J1S1,1.0
1258,AWS167,1932-01-01,09:55,107.0,40,AV SIEMPRE VIVA,R01,APELADA,67.0,65.0,,,
1260,FD1475,2022-01-23,08:50,79.0,60,AV SIEMPRE VIVA,R02,IMPAGA,19.0,16.0,/content/urban_flow/data/raw/imgs/urban_flow_plates/d8daed582e6cce2d_patente.jpg,FD147,0.83
1263,M431ZW,1932-01-01,09:55,120.0,60,RUTA 9,R03,APELADA,60.0,57.0,/content/urban_flow/data/raw/imgs/urban_flow_plates/299f0363ae21d1c3_patente.jpg,M431ZM,0.83
1266,990XYK,1932-01-01,18:55,109.0,40,RUTA 9,R01,PAGADA,69.0,67.0,,,
1270,UW3932,1932-01-01,08:51,117.0,80,RUTA 9,R03,IMPAGA,37.0,33.0,,,
1273,GN64OTP,1932-01-01,00:00,78.0,40,AV LIBERTADOR,R01,IMPAGA,38.0,36.0,,,
1276,6EVY261,1932-01-01,00:00,107.0,80,AV LIBERTADOR,R02,PAGADA,27.0,23.0,,,
1284,5777770,1932-01-01,18:56,64.0,40,AV SIEMPRE VIVA,R02,IMPAGA,24.0,22.0,/content/urban_flow/data/raw/imgs/urban_flow_plates/7f56adf4b9306ac9_patente.jpg,5777770,1.0
1286,NHZ1002,1932-01-01,08:52,79.0,40,AV SIEMPRE VIVA,R03,IMPAGA,39.0,37.0,,,
1294,TL03GOG,1932-01-01,00:00,87.0,40,RUTA 9,R01,PAGADA,47.0,45.0,,,
1301,589222,1932-01-01,14:47,122.0,60,AV SIEMPRE VIVA,R02,PAGADA,62.0,59.0,/content/urban_flow/data/raw/imgs/urban_flow_plates/246a0e4264a39433_patente.jpg,589222,1.0
1304,8B90638,1932-01-01,09:56,94.0,80,RUTA 9,R02,APELADA,14.0,10.0,,,
1305,BM351,1932-01-01,08:53,81.0,40,AV LIBERTADOR,R02,PAGADA,41.0,39.0,/content/urban_flow/data/raw/imgs/urban_flow_plates/9995dfc6e0eae5a1_patente.jpg,BM351,1.0
1309,2999961,2023-05-12,14:47,122.0,60,AV LIBERTADOR,R01,PAGADA,62.0,59.0,/content/urban_flow/data/raw/imgs/urban_flow_plates/5ff91ccfc6f15d04_patente.jpg,2999961,1.0
1310,DK414N,1932-01-01,09:56,153.0,80,AV LIBERTADOR,R03,PAGADA,73.0,69.0,,,
1318,GCP332,1932-01-01,09:56,125.0,80,AV LIBERTADOR,R03,APELADA,45.0,41.0,,,
1321,UW3932,1932-01-01,14:48,43.0,40,RUTA 9,R03,IMPAGA,3.0,1.0,,,
1326,VY90540,1932-01-01,18:57,145.0,80,AV LIBERTADOR,R03,APELADA,65.0,61.0,/content/urban_flow/data/raw/imgs/urban_flow_plates/288a95c01e43cd14_patente.jpg,VY90540,1.0
1329,GOOGLE,2020-03-31,18:57,46.0,40,AV LIBERTADOR,R01,PAGADA,6.0,4.0,,,
1330,VNK296GP,2020-12-05,08:54,107.0,80,RUTA 9,R01,APELADA,27.0,23.0,,,
1331,NTHGLFT,1932-01-01,00:00,102.0,80,AV LIBERTADOR,R02,IMPAGA,22.0,18.0,,,
1332,UM96201,1932-01-01,18:57,91.0,60,AV LIBERTADOR,R02,APELADA,31.0,28.0,/content/urban_flow/data/raw/imgs/urban_flow_plates/09453a7c716a9ef3_patente.jpg,UM96201,1.0
1335,OUTSTDN,1932-01-01,00:00,58.0,40,RUTA 9,R01,PAGADA,18.0,16.0,,,
1337,MVU4688,1932-01-01,18:57,122.0,60,AV LIBERTADOR,R03,IMPAGA,62.0,59.0,/content/urban_flow/data/raw/imgs/urban_flow_plates/3feecc5809a29627_patente.jpg,MVU4688,1.0
1340,9999868,2021-03-22,08:55,128.0,80,AV SIEMPRE VIVA,R03,APELADA,48.0,44.0,,,
1349,GOOGLE,1932-01-01,18:58,49.0,40,RUTA 9,R02,PAGADA,9.0,7.0,,,
1352,B81JKY,1932-01-01,00:00,117.0,80,RUTA 9,R01,IMPAGA,37.0,33.0,,,
1354,W326AVE,2021-01-11,14:48,117.0,60,RUTA 9,R03,IMPAGA,57.0,54.0,/content/urban_flow/data/raw/imgs/urban_flow_plates/6c144e47161867c2_patente.jpg,W326AVE,1.0
1359,0695DVH,2020-12-29,09:58,126.0,60,AV SIEMPRE VIVA,R03,PAGADA,66.0,63.0,,,
1361,6NCE831,1932-01-01,08:55,75.0,60,AV LIBERTADOR,R01,IMPAGA,15.0,12.0,,,
1370,CBMUK,1932-01-01,09:58,112.0,80,AV SIEMPRE VIVA,R03,APELADA,32.0,28.0,,,
1380,BM351,1932-01-01,08:56,90.0,80,RUTA 9,R01,PAGADA,10.0,6.0,/content/urban_flow/data/raw/imgs/urban_flow_plates/9995dfc6e0eae5a1_patente.jpg,BM351,1.0
1381,BM351,1932-01-01,14:49,107.0,40,AV LIBERTADOR,R01,APELADA,67.0,65.0,/content/urban_flow/data/raw/imgs/urban_flow_plates/9995dfc6e0eae5a1_patente.jpg,BM351,1.0
1388,2999961,1932-01-01,14:50,118.0,80,AV LIBERTADOR,R03,IMPAGA,38.0,34.0,/content/urban_flow/data/raw/imgs/urban_flow_plates/5ff91ccfc6f15d04_patente.jpg,2999961,1.0
1391,UM96201,1932-01-01,08:57,94.0,80,RUTA 9,R03,PAGADA,14.0,10.0,/content/urban_flow/data/raw/imgs/urban_flow_plates/09453a7c716a9ef3_patente.jpg,UM96201,1.0
1396,CBMUK,2023-11-29,08:57,69.0,40,RUTA 9,R02,PAGADA,29.0,27.0,,,
1398,TL03GOG,1932-01-01,14:50,86.0,60,RUTA 9,R01,IMPAGA,26.0,23.0,,,
1399,XIIUME,1932-01-01,00:00,105.0,40,AV LIBERTADOR,R02,IMPAGA,65.0,63.0,/content/urban_flow/data/raw/imgs/urban_flow_plates/64de505bd2bac82b.jpg,XIIUME,1.0
1409,691XC80,1932-01-01,00:00,145.0,80,AV LIBERTADOR,R02,PAGADA,65.0,61.0,/content/urban_flow/data/raw/imgs/urban_flow_plates/5a122adbb1a776b7_patente.jpg,691XC80,1.0
1412,GE1466,1932-01-01,14:51,117.0,60,AV SIEMPRE VIVA,R03,PAGADA,57.0,54.0,,,
1414,HAMSTUR,1932-01-01,14:51,147.0,80,AV SIEMPRE VIVA,R02,IMPAGA,67.0,63.0,,,
1419,W326AVE,2020-01-28,10:00,72.0,40,RUTA 9,R02,APELADA,32.0,30.0,/content/urban_flow/data/raw/imgs/urban_flow_plates/6c144e47161867c2_patente.jpg,W326AVE,1.0
1420,6NCE831,1932-01-01,14:52,108.0,60,AV SIEMPRE VIVA,R03,PAGADA,48.0,45.0,,,
1427,HF3461,1932-01-01,10:00,98.0,40,AV LIBERTADOR,R01,PAGADA,58.0,56.0,/content/urban_flow/data/raw/imgs/urban_flow_plates/a6e3b0b73220cd32_patente.jpg,HF3461,1.0
1428,BP717,1932-01-01,00:00,55.0,40,AV SIEMPRE VIVA,R03,IMPAGA,15.0,13.0,/content/urban_flow/data/raw/imgs/urban_flow_plates/e1120bfe48f85c1b_patente.jpg,BP717,1.0
1434,NTHGLFT,1932-01-01,19:02,122.0,60,AV LIBERTADOR,R01,PAGADA,62.0,59.0,,,
1437,BB8986,1932-01-01,10:01,102.0,80,AV LIBERTADOR,R03,PAGADA,22.0,18.0,/content/urban_flow/data/raw/imgs/urban_flow_plates/7cbc7ee444622a66_patente.jpg,BB8986,1.0
1438,NHZ1002,1932-01-01,14:53,113.0,40,AV LIBERTADOR,R01,APELADA,73.0,71.0,,,
1443,WU341A,1932-01-01,10:01,136.0,60,AV SIEMPRE VIVA,R01,APELADA,76.0,73.0,,,
1449,CT5B876,1932-01-01,08:59,96.0,40,AV SIEMPRE VIVA,R02,PAGADA,56.0,54.0,/content/urban_flow/data/raw/imgs/urban_flow_plates/39c193bcc0c00f9e_patente.jpg,C75B876,0.86
1453,409,2022-03-20,14:53,65.0,40,AV LIBERTADOR,R03,IMPAGA,25.0,23.0,,,
1458,VNK296GP,1932-01-01,19:03,99.0,60,AV LIBERTADOR,R01,PAGADA,39.0,36.0,,,
1468,BHRP770,1932-01-01,09:00,95.0,80,AV SIEMPRE VIVA,R02,IMPAGA,15.0,11.0,/content/urban_flow/data/raw/imgs/urban_flow_plates/321ffb38656f7311_patente.jpg,BHRP770,1.0
1481,PIW4215,1932-01-01,00:00,73.0,60,AV LIBERTADOR,R01,PAGADA,13.0,10.0,,,
1490,M20CPR,1932-01-01,14:55,93.0,80,RUTA 9,R01,IMPAGA,13.0,9.0,,,
1491,UW3932,1932-01-01,09:02,118.0,60,AV SIEMPRE VIVA,R03,IMPAGA,58.0,55.0,,,
1495,FVIOUHP,1932-01-01,10:02,119.0,60,AV SIEMPRE VIVA,R01,PAGADA,59.0,56.0,/content/urban_flow/data/raw/imgs/urban_flow_plates/28e26a4eb646c67a_patente.jpg,FVIDUHP,0.86
1499,NHZ1002,1932-01-01,10:02,56.0,40,RUTA 9,R01,APELADA,16.0,14.0,,,
1500,NTHGLFT,2022-03-23,19:05,81.0,60,RUTA 9,R02,APELADA,21.0,18.0,,,
1505,990XYK,1932-01-01,10:03,117.0,40,RUTA 9,R01,APELADA,77.0,75.0,,,
1513,NTHGLFT,1932-01-01,10:03,114.0,80,RUTA 9,R01,PAGADA,34.0,30.0,,,
1517,BHRP770,1932-01-01,19:05,101.0,40,RUTA 9,R02,IMPAGA,61.0,59.0,/content/urban_flow/data/raw/imgs/urban_flow_plates/321ffb38656f7311_patente.jpg,BHRP770,1.0
1519,B81JKY,1932-01-01,00:00,94.0,80,AV SIEMPRE VIVA,R02,APELADA,14.0,10.0,,,
1521,HAMSTUR,1932-01-01,09:02,94.0,40,AV SIEMPRE VIVA,R03,APELADA,54.0,52.0,,,
1526,TL03GOG,1932-01-01,10:04,133.0,80,AV LIBERTADOR,R02,PAGADA,53.0,49.0,,,
1528,691XC80,1932-01-01,09:03,105.0,60,AV SIEMPRE VIVA,R01,IMPAGA,45.0,42.0,/content/urban_flow/data/raw/imgs/urban_flow_plates/5a122adbb1a776b7_patente.jpg,691XC80,1.0
1531,M20CPR,1932-01-01,00:00,96.0,40,AV SIEMPRE VIVA,R01,APELADA,56.0,54.0,,,
1541,TL03GOG,2020-07-06,19:06,75.0,40,AV SIEMPRE VIVA,R02,PAGADA,35.0,33.0,,,
1542,5777770,1932-01-01,10:04,88.0,60,AV LIBERTADOR,R02,APELADA,28.0,25.0,/content/urban_flow/data/raw/imgs/urban_flow_plates/7f56adf4b9306ac9_patente.jpg,5777770,1.0
1547,BX55DOG,1932-01-01,00:00,51.0,40,AV LIBERTADOR,R01,PAGADA,11.0,9.0,,,
1549,MPX9357,1932-01-01,14:57,74.0,40,AV SIEMPRE VIVA,R01,PAGADA,34.0,32.0,/content/urban_flow/data/raw/imgs/urban_flow_plates/182268e1f8c6525f_patente.jpg,MPX9357,1.0
1552,41RSTZ,2020-10-28,00:00,98.0,80,AV SIEMPRE VIVA,R02,PAGADA,18.0,14.0,,,
1554,UW3932,1932-01-01,00:00,87.0,80,AV LIBERTADOR,R03,APELADA,7.0,3.0,,,
1559,831MDB,2020-06-20,09:03,89.0,40,AV SIEMPRE VIVA,R03,IMPAGA,49.0,47.0,,,
1562,2999961,1932-01-01,09:04,80.0,40,AV SIEMPRE VIVA,R02,APELADA,40.0,38.0,/content/urban_flow/data/raw/imgs/urban_flow_plates/5ff91ccfc6f15d04_patente.jpg,2999961,1.0
1563,W326AVE,2023-10-27,10:06,153.0,80,RUTA 9,R01,PAGADA,73.0,69.0,/content/urban_flow/data/raw/imgs/urban_flow_plates/6c144e47161867c2_patente.jpg,W326AVE,1.0
1565,OUTSTDN,1932-01-01,09:04,89.0,60,AV LIBERTADOR,R01,PAGADA,29.0,26.0,,,
1566,DI2LOT,2022-01-24,09:04,71.0,40,AV LIBERTADOR,R02,PAGADA,31.0,29.0,,,
1570,VY90540,1932-01-01,14:58,58.0,40,RUTA 9,R01,APELADA,18.0,16.0,/content/urban_flow/data/raw/imgs/urban_flow_plates/288a95c01e43cd14_patente.jpg,VY90540,1.0
1572,YLO8WUE,1932-01-01,19:07,119.0,60,AV LIBERTADOR,R01,IMPAGA,59.0,56.0,,,
1573,VTIIAHV,1932-01-01,09:04,91.0,40,AV LIBERTADOR,R01,APELADA,51.0,49.0,,,
1578,TL03GOG,1932-01-01,10:07,84.0,60,RUTA 9,R02,IMPAGA,24.0,21.0,,,
1589,691XC80,1932-01-01,00:00,134.0,60,AV SIEMPRE VIVA,R02,PAGADA,74.0,71.0,/content/urban_flow/data/raw/imgs/urban_flow_plates/5a122adbb1a776b7_patente.jpg,691XC80,1.0
1590,FD1475,2022-08-09,09:06,110.0,40,AV SIEMPRE VIVA,R03,PAGADA,70.0,68.0,/content/urban_flow/data/raw/imgs/urban_flow_plates/d8daed582e6cce2d_patente.jpg,FD147,0.83
1595,6611172,1932-01-01,10:07,144.0,80,RUTA 9,R01,APELADA,64.0,60.0,/content/urban_flow/data/raw/imgs/urban_flow_plates/7a1f9520c7ecd5b1_patente.jpg,6611172,1.0
1596,M431ZW,1932-01-01,00:00,122.0,80,AV SIEMPRE VIVA,R02,IMPAGA,42.0,38.0,/content/urban_flow/data/raw/imgs/urban_flow_plates/299f0363ae21d1c3_patente.jpg,M431ZM,0.83
1605,UW3932,2021-07-04,00:00,81.0,60,AV SIEMPRE VIVA,R03,IMPAGA,21.0,18.0,,,
1607,810TCH,1932-01-01,14:59,49.0,40,AV LIBERTADOR,R02,APELADA,9.0,7.0,,,
1618,B81JKY,2022-03-28,00:00,105.0,60,AV SIEMPRE VIVA,R01,IMPAGA,45.0,42.0,,,
1622,HF3461,1932-01-01,14:59,45.0,40,RUTA 9,R01,IMPAGA,5.0,3.0,/content/urban_flow/data/raw/imgs/urban_flow_plates/a6e3b0b73220cd32_patente.jpg,HF3461,1.0
1628,FVIOUHP,1932-01-01,00:00,135.0,60,AV LIBERTADOR,R02,IMPAGA,75.0,72.0,/content/urban_flow/data/raw/imgs/urban_flow_plates/28e26a4eb646c67a_patente.jpg,FVIDUHP,0.86
1630,3646HBH,1932-01-01,09:07,112.0,40,AV LIBERTADOR,R03,IMPAGA,72.0,70.0,/content/urban_flow/data/raw/imgs/urban_flow_plates/d3729058c6a4186e_patente.jpg,3646HBH,1.0
1631,W326AVE,1932-01-01,14:59,90.0,40,AV SIEMPRE VIVA,R02,APELADA,50.0,48.0,/content/urban_flow/data/raw/imgs/urban_flow_plates/6c144e47161867c2_patente.jpg,W326AVE,1.0
1632,HF3461,1932-01-01,00:00,57.0,40,AV SIEMPRE VIVA,R01,APELADA,17.0,15.0,/content/urban_flow/data/raw/imgs/urban_flow_plates/a6e3b0b73220cd32_patente.jpg,HF3461,1.0
1634,B81JKY,1932-01-01,10:09,123.0,60,AV SIEMPRE VIVA,R03,PAGADA,63.0,60.0,,,
1644,WEFLYN,1932-01-01,15:00,109.0,80,AV LIBERTADOR,R03,PAGADA,29.0,25.0,,,
1645,TL03GOG,2023-01-01,10:09,111.0,60,AV LIBERTADOR,R03,APELADA,51.0,48.0,,,
1647,RFH373,1932-01-01,15:00,86.0,60,RUTA 9,R02,IMPAGA,26.0,23.0,,,
1650,41RSTZ,2022-05-17,10:10,78.0,60,RUTA 9,R02,PAGADA,18.0,15.0,,,
1653,CD05601,2020-11-21,19:10,135.0,60,AV SIEMPRE VIVA,R02,PAGADA,75.0,72.0,,,
1657,6EVY261,1932-01-01,00:00,75.0,60,AV SIEMPRE VIVA,R01,IMPAGA,15.0,12.0,,,
1665,GOOGLE,1932-01-01,09:08,79.0,60,RUTA 9,R03,PAGADA,19.0,16.0,,,
1668,FVIOUHP,1932-01-01,10:11,84.0,60,AV LIBERTADOR,R01,IMPAGA,24.0,21.0,/content/urban_flow/data/raw/imgs/urban_flow_plates/28e26a4eb646c67a_patente.jpg,FVIDUHP,0.86
1680,MPX9357,2022-06-01,09:08,151.0,80,AV LIBERTADOR,R03,APELADA,71.0,67.0,/content/urban_flow/data/raw/imgs/urban_flow_plates/182268e1f8c6525f_patente.jpg,MPX9357,1.0
1686,FVIOUHP,2022-06-15,19:12,43.0,40,RUTA 9,R01,PAGADA,3.0,1.0,/content/urban_flow/data/raw/imgs/urban_flow_plates/28e26a4eb646c67a_patente.jpg,FVIDUHP,0.86
1692,HAMSTUR,1932-01-01,19:12,116.0,40,AV LIBERTADOR,R03,APELADA,76.0,74.0,,,
1701,9999868,1932-01-01,10:12,89.0,60,RUTA 9,R01,APELADA,29.0,26.0,,,
1702,WU08YWC,1932-01-01,19:13,80.0,40,RUTA 9,R02,PAGADA,40.0,38.0,,,
1711,TL03GOG,1932-01-01,00:00,80.0,40,AV LIBERTADOR,R01,IMPAGA,40.0,38.0,,,
1716,BP717,2020-03-08,19:14,94.0,40,AV SIEMPRE VIVA,R03,PAGADA,54.0,52.0,/content/urban_flow/data/raw/imgs/urban_flow_plates/e1120bfe48f85c1b_patente.jpg,BP717,1.0
1717,CD05601,2023-02-07,19:14,118.0,40,RUTA 9,R02,IMPAGA,78.0,76.0,,,
1726,RFH373,2020-06-13,15:03,110.0,60,AV LIBERTADOR,R02,IMPAGA,50.0,47.0,,,
1729,HF58HXP,1932-01-01,19:15,97.0,60,RUTA 9,R01,PAGADA,37.0,34.0,/content/urban_flow/data/raw/imgs/urban_flow_plates/9a795bbf4e94d630_patente.jpg,HF5BHXP,0.86
1731,B81JKY,1932-01-01,09:11,92.0,40,AV SIEMPRE VIVA,R01,APELADA,52.0,50.0,,,
1733,UM96201,1932-01-01,19:15,125.0,80,AV LIBERTADOR,R02,APELADA,45.0,41.0,/content/urban_flow/data/raw/imgs/urban_flow_plates/09453a7c716a9ef3_patente.jpg,UM96201,1.0
1736,BP717,1932-01-01,19:15,65.0,40,AV LIBERTADOR,R03,IMPAGA,25.0,23.0,/content/urban_flow/data/raw/imgs/urban_flow_plates/e1120bfe48f85c1b_patente.jpg,BP717,1.0
1737,81ZFJD,1932-01-01,00:00,87.0,40,AV LIBERTADOR,R03,APELADA,47.0,45.0,,,
1746,HF58HXP,2023-10-01,00:00,112.0,40,RUTA 9,R03,PAGADA,72.0,70.0,/content/urban_flow/data/raw/imgs/urban_flow_plates/9a795bbf4e94d630_patente.jpg,HF5BHXP,0.86
1748,BP717,1932-01-01,10:13,139.0,80,AV SIEMPRE VIVA,R03,IMPAGA,59.0,55.0,/content/urban_flow/data/raw/imgs/urban_flow_plates/e1120bfe48f85c1b_patente.jpg,BP717,1.0
1749,NHZ1002,1932-01-01,19:16,102.0,40,AV SIEMPRE VIVA,R01,APELADA,62.0,60.0,,,
1754,6611172,1932-01-01,10:14,89.0,60,AV SIEMPRE VIVA,R02,APELADA,29.0,26.0,/content/urban_flow/data/raw/imgs/urban_flow_plates/7a1f9520c7ecd5b1_patente.jpg,6611172,1.0
1761,GCP332,2020-08-02,09:12,89.0,40,AV SIEMPRE VIVA,R01,APELADA,49.0,47.0,,,
1766,GN64OTP,1932-01-01,15:04,123.0,60,AV LIBERTADOR,R01,PAGADA,63.0,60.0,,,
1767,AWS167,1932-01-01,10:15,128.0,80,AV LIBERTADOR,R02,APELADA,48.0,44.0,,,
1770,VTIIAHV,1932-01-01,09:12,143.0,80,RUTA 9,R03,APELADA,63.0,59.0,,,
1780,M20CPR,1932-01-01,10:16,150.0,80,AV LIBERTADOR,R03,APELADA,70.0,66.0,,,
1790,CT5B876,2023-03-24,15:05,59.0,40,AV LIBERTADOR,R03,PAGADA,19.0,17.0,/content/urban_flow/data/raw/imgs/urban_flow_plates/39c193bcc0c00f9e_patente.jpg,C75B876,0.86
1794,6EVY261,1932-01-01,00:00,65.0,60,RUTA 9,R02,PAGADA,5.0,2.0,,,
1797,9999868,1932-01-01,15:05,101.0,80,AV SIEMPRE VIVA,R02,IMPAGA,21.0,17.0,,,
1806,FD1475,1932-01-01,15:06,82.0,60,AV SIEMPRE VIVA,R03,IMPAGA,22.0,19.0,/content/urban_flow/data/raw/imgs/urban_flow_plates/d8daed582e6cce2d_patente.jpg,FD147,0.83
1812,MX60NZA,2020-08-25,15:06,83.0,60,AV LIBERTADOR,R02,APELADA,23.0,20.0,,,
1817,VNK296GP,2021-08-22,00:00,88.0,40,AV SIEMPRE VIVA,R02,APELADA,48.0,46.0,,,
1822,GCP332,1932-01-01,09:13,101.0,80,AV LIBERTADOR,R03,APELADA,21.0,17.0,,,
1828,810TCH,2023-03-25,09:14,160.0,80,AV LIBERTADOR,R01,IMPAGA,80.0,76.0,,,
1832,J1S1,2022-05-31,09:14,48.0,40,RUTA 9,R02,APELADA,8.0,6.0,/content/urban_flow/data/raw/imgs/urban_flow_plates/e82f13b4a2fe69f3_patente_1.jpg,J1S1,1.0
1833,MVU4688,1932-01-01,00:00,74.0,60,RUTA 9,R01,APELADA,14.0,11.0,/content/urban_flow/data/raw/imgs/urban_flow_plates/3feecc5809a29627_patente.jpg,MVU4688,1.0
1840,3646HBH,1932-01-01,09:15,86.0,40,AV LIBERTADOR,R03,APELADA,46.0,44.0,/content/urban_flow/data/raw/imgs/urban_flow_plates/d3729058c6a4186e_patente.jpg,3646HBH,1.0
1845,W326AVE,1932-01-01,09:15,78.0,60,AV LIBERTADOR,R03,PAGADA,18.0,15.0,/content/urban_flow/data/raw/imgs/urban_flow_plates/6c144e47161867c2_patente.jpg,W326AVE,1.0
1847,BHRP770,2021-04-07,09:16,67.0,40,RUTA 9,R03,APELADA,27.0,25.0,/content/urban_flow/data/raw/imgs/urban_flow_plates/321ffb38656f7311_patente.jpg,BHRP770,1.0
1848,DK414N,1932-01-01,09:16,81.0,40,AV SIEMPRE VIVA,R01,PAGADA,41.0,39.0,,,
1854,YLO8WUE,1932-01-01,10:19,98.0,80,AV LIBERTADOR,R02,IMPAGA,18.0,14.0,,,
1857,GCP332,1932-01-01,00:00,159.0,80,RUTA 9,R01,IMPAGA,79.0,75.0,,,
1861,CD05601,1932-01-01,15:07,120.0,60,RUTA 9,R03,IMPAGA,60.0,57.0,,,
1863,WU341A,1932-01-01,00:00,123.0,60,AV SIEMPRE VIVA,R01,PAGADA,63.0,60.0,,,
1865,MVU4688,1932-01-01,00:00,88.0,60,AV SIEMPRE VIVA,R02,IMPAGA,28.0,25.0,/content/urban_flow/data/raw/imgs/urban_flow_plates/3feecc5809a29627_patente.jpg,MVU4688,1.0
1876,VTIIAHV,1932-01-01,00:00,110.0,60,AV LIBERTADOR,R03,PAGADA,50.0,47.0,,,
1878,AWS167,1932-01-01,10:20,144.0,80,AV LIBERTADOR,R01,PAGADA,64.0,60.0,,,
1892,WU341A,1932-01-01,19:20,109.0,80,AV LIBERTADOR,R01,IMPAGA,29.0,25.0,,,
1899,PIW4215,1932-01-01,00:00,93.0,80,RUTA 9,R02,IMPAGA,13.0,9.0,,,
1901,B81JKY,2023-10-15,00:00,75.0,60,AV LIBERTADOR,R01,APELADA,15.0,12.0,,,
1907,2999961,1932-01-01,10:20,157.0,80,RUTA 9,R03,IMPAGA,77.0,73.0,/content/urban_flow/data/raw/imgs/urban_flow_plates/5ff91ccfc6f15d04_patente.jpg,2999961,1.0
1910,HAMSTUR,1932-01-01,19:21,111.0,40,AV LIBERTADOR,R03,APELADA,71.0,69.0,,,
1914,HF58HXP,1932-01-01,00:00,78.0,40,AV LIBERTADOR,R01,PAGADA,38.0,36.0,/content/urban_flow/data/raw/imgs/urban_flow_plates/9a795bbf4e94d630_patente.jpg,HF5BHXP,0.86
1915,MVU4688,1932-01-01,15:10,79.0,60,AV SIEMPRE VIVA,R02,APELADA,19.0,16.0,/content/urban_flow/data/raw/imgs/urban_flow_plates/3feecc5809a29627_patente.jpg,MVU4688,1.0
1919,TL03GOG,1932-01-01,19:21,83.0,40,RUTA 9,R02,IMPAGA,43.0,41.0,,,
1920,GN64OTP,1932-01-01,15:10,99.0,80,AV SIEMPRE VIVA,R02,IMPAGA,19.0,15.0,,,
1921,M431ZW,1932-01-01,09:19,105.0,60,AV SIEMPRE VIVA,R03,PAGADA,45.0,42.0,/content/urban_flow/data/raw/imgs/urban_flow_plates/299f0363ae21d1c3_patente.jpg,M431ZM,0.83
1936,GOOGLE,1932-01-01,09:20,129.0,80,AV LIBERTADOR,R02,IMPAGA,49.0,45.0,,,
1943,DK414N,1932-01-01,10:22,100.0,40,AV SIEMPRE VIVA,R03,PAGADA,60.0,58.0,,,
1947,RFH373,1932-01-01,19:22,74.0,60,AV SIEMPRE VIVA,R03,IMPAGA,14.0,11.0,,,
1948,CT5B876,1932-01-01,19:22,155.0,80,RUTA 9,R01,APELADA,75.0,71.0,/content/urban_flow/data/raw/imgs/urban_flow_plates/39c193bcc0c00f9e_patente.jpg,C75B876,0.86
1953,FVIOUHP,1932-01-01,09:20,115.0,60,AV SIEMPRE VIVA,R03,IMPAGA,55.0,52.0,/content/urban_flow/data/raw/imgs/urban_flow_plates/28e26a4eb646c67a_patente.jpg,FVIDUHP,0.86
1955,0695DVH,1932-01-01,19:23,139.0,60,AV LIBERTADOR,R01,PAGADA,79.0,76.0,,,
1958,GCP332,1932-01-01,00:00,124.0,80,AV LIBERTADOR,R01,APELADA,44.0,40.0,,,
1970,VY90540,1932-01-01,09:21,116.0,60,RUTA 9,R02,PAGADA,56.0,53.0,/content/urban_flow/data/raw/imgs/urban_flow_plates/288a95c01e43cd14_patente.jpg,VY90540,1.0
1979,HAMSTUR,2021-01-23,10:23,107.0,40,RUTA 9,R02,APELADA,67.0,65.0,,,
1981,GN64OTP,1932-01-01,10:23,107.0,40,AV LIBERTADOR,R01,PAGADA,67.0,65.0,,,
1984,AWS167,1932-01-01,15:11,78.0,40,AV LIBERTADOR,R03,APELADA,38.0,36.0,,,
1989,W326AVE,1932-01-01,15:12,109.0,40,AV LIBERTADOR,R03,APELADA,69.0,67.0,/content/urban_flow/data/raw/imgs/urban_flow_plates/6c144e47161867c2_patente.jpg,W326AVE,1.0
2000,CT5B876,1932-01-01,19:25,86.0,40,RUTA 9,R01,APELADA,46.0,44.0,/content/urban_flow/data/raw/imgs/urban_flow_plates/39c193bcc0c00f9e_patente.jpg,C75B876,0.86
2002,HF3461,2021-04-10,10:24,100.0,80,RUTA 9,R01,APELADA,20.0,16.0,/content/urban_flow/data/raw/imgs/urban_flow_plates/a6e3b0b73220cd32_patente.jpg,HF3461,1.0
2003,0695DVH,1932-01-01,19:26,154.0,80,RUTA 9,R01,APELADA,74.0,70.0,,,
2005,810TCH,2021-08-18,09:22,64.0,40,AV SIEMPRE VIVA,R01,APELADA,24.0,22.0,,,
2008,W326AVE,1932-01-01,15:13,93.0,60,AV LIBERTADOR,R02,APELADA,33.0,30.0,/content/urban_flow/data/raw/imgs/urban_flow_plates/6c144e47161867c2_patente.jpg,W326AVE,1.0
2009,3646HBH,1932-01-01,00:00,120.0,60,AV SIEMPRE VIVA,R02,IMPAGA,60.0,57.0,/content/urban_flow/data/raw/imgs/urban_flow_plates/d3729058c6a4186e_patente.jpg,3646HBH,1.0
2010,831MDB,2021-04-25,00:00,75.0,40,RUTA 9,R03,APELADA,35.0,33.0,,,
2011,990XYK,1932-01-01,09:22,118.0,80,RUTA 9,R03,IMPAGA,38.0,34.0,,,
2012,NHZ1002,2021-05-05,19:26,128.0,80,RUTA 9,R01,IMPAGA,48.0,44.0,,,
2014,AWS167,2021-03-15,15:13,159.0,80,AV LIBERTADOR,R01,IMPAGA,79.0,75.0,,,
2019,UM96201,1932-01-01,09:22,112.0,40,AV SIEMPRE VIVA,R02,APELADA,72.0,70.0,/content/urban_flow/data/raw/imgs/urban_flow_plates/09453a7c716a9ef3_patente.jpg,UM96201,1.0
2021,AWS167,1932-01-01,19:27,51.0,40,AV SIEMPRE VIVA,R01,PAGADA,11.0,9.0,,,
2022,810TCH,1932-01-01,00:00,81.0,60,AV LIBERTADOR,R02,IMPAGA,21.0,18.0,,,
2033,CBMUK,1932-01-01,15:13,85.0,60,AV LIBERTADOR,R01,PAGADA,25.0,22.0,,,
2040,FD1475,1932-01-01,19:28,97.0,60,AV SIEMPRE VIVA,R01,IMPAGA,37.0,34.0,/content/urban_flow/data/raw/imgs/urban_flow_plates/d8daed582e6cce2d_patente.jpg,FD147,0.83
2042,XIIUME,1932-01-01,09:23,81.0,60,AV LIBERTADOR,R01,PAGADA,21.0,18.0,/content/urban_flow/data/raw/imgs/urban_flow_plates/64de505bd2bac82b.jpg,XIIUME,1.0
2044,6611172,1932-01-01,09:24,155.0,80,AV SIEMPRE VIVA,R02,IMPAGA,75.0,71.0,/content/urban_flow/data/raw/imgs/urban_flow_plates/7a1f9520c7ecd5b1_patente.jpg,6611172,1.0
2050,0695DVH,2023-07-05,15:14,116.0,60,AV LIBERTADOR,R01,IMPAGA,56.0,53.0,,,
2055,W326AVE,1932-01-01,19:28,159.0,80,AV LIBERTADOR,R01,IMPAGA,79.0,75.0,/content/urban_flow/data/raw/imgs/urban_flow_plates/6c144e47161867c2_patente.jpg,W326AVE,1.0
2060,VNK296GP,2023-10-26,19:29,149.0,80,RUTA 9,R02,PAGADA,69.0,65.0,,,
2065,PIW4215,1932-01-01,09:25,85.0,60,AV LIBERTADOR,R01,PAGADA,25.0,22.0,,,
2075,CT5B876,1932-01-01,19:29,103.0,80,AV LIBERTADOR,R02,PAGADA,23.0,19.0,/content/urban_flow/data/raw/imgs/urban_flow_plates/39c193bcc0c00f9e_patente.jpg,C75B876,0.86
2078,NHZ1002,1932-01-01,19:30,111.0,60,AV SIEMPRE VIVA,R01,IMPAGA,51.0,48.0,,,
2081,BM351,2023-01-22,00:00,96.0,60,AV LIBERTADOR,R03,APELADA,36.0,33.0,/content/urban_flow/data/raw/imgs/urban_flow_plates/9995dfc6e0eae5a1_patente.jpg,BM351,1.0
2088,B81JKY,1932-01-01,15:15,107.0,80,AV LIBERTADOR,R01,PAGADA,27.0,23.0,,,
2091,41RSTZ,2021-03-01,19:30,85.0,80,AV LIBERTADOR,R03,APELADA,5.0,1.0,,,
2102,810TCH,1932-01-01,15:16,60.0,40,AV LIBERTADOR,R01,PAGADA,20.0,18.0,,,
2107,BB8986,1932-01-01,10:27,91.0,80,RUTA 9,R02,APELADA,11.0,7.0,/content/urban_flow/data/raw/imgs/urban_flow_plates/7cbc7ee444622a66_patente.jpg,BB8986,1.0
2109,AWS167,1932-01-01,00:00,73.0,40,AV LIBERTADOR,R03,IMPAGA,33.0,31.0,,,
2110,WEFLYN,1932-01-01,09:27,116.0,60,AV LIBERTADOR,R01,IMPAGA,56.0,53.0,,,
2112,HK06YMX,1932-01-01,10:27,148.0,80,AV SIEMPRE VIVA,R03,APELADA,68.0,64.0,/content/urban_flow/data/raw/imgs/urban_flow_plates/9a4fe6361597f264_patente.jpg,HKO6YMX,0.86
2118,FD1475,2022-01-27,00:00,106.0,60,AV LIBERTADOR,R01,IMPAGA,46.0,43.0,/content/urban_flow/data/raw/imgs/urban_flow_plates/d8daed582e6cce2d_patente.jpg,FD147,0.83
2120,2999961,1932-01-01,09:27,139.0,60,RUTA 9,R02,APELADA,79.0,76.0,/content/urban_flow/data/raw/imgs/urban_flow_plates/5ff91ccfc6f15d04_patente.jpg,2999961,1.0
2123,J1S1,2021-04-06,19:30,44.0,40,AV SIEMPRE VIVA,R01,IMPAGA,4.0,2.0,/content/urban_flow/data/raw/imgs/urban_flow_plates/e82f13b4a2fe69f3_patente_1.jpg,J1S1,1.0
2128,6NCE831,2021-12-28,09:27,141.0,80,AV SIEMPRE VIVA,R02,IMPAGA,61.0,57.0,,,
2135,409,1932-01-01,00:00,45.0,40,RUTA 9,R02,APELADA,5.0,3.0,,,
2141,HK06YMX,1932-01-01,10:29,149.0,80,AV LIBERTADOR,R01,IMPAGA,69.0,65.0,/content/urban_flow/data/raw/imgs/urban_flow_plates/9a4fe6361597f264_patente.jpg,HKO6YMX,0.86
2146,YLO8WUE,2023-12-25,00:00,113.0,40,AV LIBERTADOR,R03,IMPAGA,73.0,71.0,,,
2149,INTIGR8,1932-01-01,19:31,72.0,60,AV SIEMPRE VIVA,R01,PAGADA,12.0,9.0,,,
2151,HAMSTUR,1932-01-01,10:30,134.0,80,RUTA 9,R02,APELADA,54.0,50.0,,,
2154,FD1475,1932-01-01,10:30,82.0,60,RUTA 9,R02,PAGADA,22.0,19.0,/content/urban_flow/data/raw/imgs/urban_flow_plates/d8daed582e6cce2d_patente.jpg,FD147,0.83
2160,PIW4215,1932-01-01,00:00,136.0,60,AV LIBERTADOR,R02,APELADA,76.0,73.0,,,
2170,BB8986,2023-05-07,09:29,97.0,80,AV LIBERTADOR,R02,APELADA,17.0,13.0,/content/urban_flow/data/raw/imgs/urban_flow_plates/7cbc7ee444622a66_patente.jpg,BB8986,1.0
2175,8B90638,2020-10-16,19:32,114.0,40,AV LIBERTADOR,R03,IMPAGA,74.0,72.0,,,
2182,990XYK,1932-01-01,19:33,123.0,80,RUTA 9,R01,IMPAGA,43.0,39.0,,,
2188,XIIUME,2022-01-23,15:18,129.0,80,AV LIBERTADOR,R02,IMPAGA,49.0,45.0,/content/urban_flow/data/raw/imgs/urban_flow_plates/64de505bd2bac82b.jpg,XIIUME,1.0
2192,589222,1932-01-01,10:31,89.0,60,AV SIEMPRE VIVA,R02,PAGADA,29.0,26.0,/content/urban_flow/data/raw/imgs/urban_flow_plates/246a0e4264a39433_patente.jpg,589222,1.0
2195,409,1932-01-01,19:34,99.0,80,RUTA 9,R01,PAGADA,19.0,15.0,,,
2197,VTIIAHV,2021-07-18,10:31,116.0,40,RUTA 9,R01,APELADA,76.0,74.0,,,
2201,0695DVH,1932-01-01,10:32,112.0,80,AV LIBERTADOR,R02,IMPAGA,32.0,28.0,,,
2202,MX60NZA,1932-01-01,09:30,96.0,40,RUTA 9,R02,IMPAGA,56.0,54.0,,,
2205,6NCE831,1932-01-01,10:32,103.0,80,AV LIBERTADOR,R02,PAGADA,23.0,19.0,,,
2213,M431ZW,1932-01-01,00:00,108.0,80,AV LIBERTADOR,R01,IMPAGA,28.0,24.0,/content/urban_flow/data/raw/imgs/urban_flow_plates/299f0363ae21d1c3_patente.jpg,M431ZM,0.83
2217,BP717,1932-01-01,09:31,97.0,80,AV LIBERTADOR,R02,APELADA,17.0,13.0,/content/urban_flow/data/raw/imgs/urban_flow_plates/e1120bfe48f85c1b_patente.jpg,BP717,1.0
2225,HF3461,1932-01-01,10:33,81.0,60,RUTA 9,R03,PAGADA,21.0,18.0,/content/urban_flow/data/raw/imgs/urban_flow_plates/a6e3b0b73220cd32_patente.jpg,HF3461,1.0
2226,UM96201,1932-01-01,00:00,106.0,40,AV LIBERTADOR,R02,PAGADA,66.0,64.0,/content/urban_flow/data/raw/imgs/urban_flow_plates/09453a7c716a9ef3_patente.jpg,UM96201,1.0
2236,409,1932-01-01,19:36,81.0,60,RUTA 9,R02,IMPAGA,21.0,18.0,,,
2237,MPX9357,1932-01-01,15:19,84.0,60,AV LIBERTADOR,R01,APELADA,24.0,21.0,/content/urban_flow/data/raw/imgs/urban_flow_plates/182268e1f8c6525f_patente.jpg,MPX9357,1.0
2239,J1S1,1932-01-01,09:31,127.0,80,AV LIBERTADOR,R03,APELADA,47.0,43.0,/content/urban_flow/data/raw/imgs/urban_flow_plates/e82f13b4a2fe69f3_patente_1.jpg,J1S1,1.0
2243,9999868,2021-04-23,00:00,75.0,60,RUTA 9,R01,PAGADA,15.0,12.0,,,
2245,9999868,1932-01-01,10:33,91.0,40,AV LIBERTADOR,R02,IMPAGA,51.0,49.0,,,
2247,WU08YWC,1932-01-01,15:19,74.0,60,AV SIEMPRE VIVA,R03,IMPAGA,14.0,11.0,,,
2248,BM351,2021-08-12,15:19,112.0,60,RUTA 9,R03,PAGADA,52.0,49.0,/content/urban_flow/data/raw/imgs/urban_flow_plates/9995dfc6e0eae5a1_patente.jpg,BM351,1.0
2255,6EVY261,1932-01-01,00:00,99.0,80,AV LIBERTADOR,R02,APELADA,19.0,15.0,,,
2260,VNK296GP,2021-04-16,10:34,126.0,60,AV LIBERTADOR,R02,PAGADA,66.0,63.0,,,
2261,6611172,1932-01-01,15:20,136.0,80,AV LIBERTADOR,R02,PAGADA,56.0,52.0,/content/urban_flow/data/raw/imgs/urban_flow_plates/7a1f9520c7ecd5b1_patente.jpg,6611172,1.0
2263,6NCE831,1932-01-01,00:00,109.0,60,AV LIBERTADOR,R02,APELADA,49.0,46.0,,,
2267,GLEN1E,1932-01-01,15:20,109.0,80,AV SIEMPRE VIVA,R03,IMPAGA,29.0,25.0,,,
2269,GE1466,1932-01-01,09:32,159.0,80,RUTA 9,R03,APELADA,79.0,75.0,,,
2274,GE1466,2020-12-11,10:35,122.0,60,RUTA 9,R01,APELADA,62.0,59.0,,,
2276,6NCE831,2020-11-19,15:21,94.0,80,AV LIBERTADOR,R02,IMPAGA,14.0,10.0,,,
2279,0695DVH,1932-01-01,10:35,121.0,60,AV LIBERTADOR,R01,IMPAGA,61.0,58.0,,,
2288,81ZFJD,1932-01-01,10:35,114.0,40,AV SIEMPRE VIVA,R02,IMPAGA,74.0,72.0,,,
2296,3646HBH,1932-01-01,10:36,116.0,60,RUTA 9,R02,PAGADA,56.0,53.0,/content/urban_flow/data/raw/imgs/urban_flow_plates/d3729058c6a4186e_patente.jpg,3646HBH,1.0
2303,BX55DOG,1932-01-01,00:00,156.0,80,AV SIEMPRE VIVA,R02,IMPAGA,76.0,72.0,,,
2308,MX60NZA,1932-01-01,00:00,53.0,40,AV LIBERTADOR,R01,APELADA,13.0,11.0,,,
2309,INTIGR8,1932-01-01,09:35,92.0,60,AV SIEMPRE VIVA,R03,APELADA,32.0,29.0,,,
2311,BP717,1932-01-01,15:22,132.0,60,AV SIEMPRE VIVA,R03,APELADA,72.0,69.0,/content/urban_flow/data/raw/imgs/urban_flow_plates/e1120bfe48f85c1b_patente.jpg,BP717,1.0
2320,GE1466,1932-01-01,19:38,84.0,60,AV LIBERTADOR,R02,PAGADA,24.0,21.0,,,
2325,WU08YWC,1932-01-01,09:36,103.0,40,RUTA 9,R01,PAGADA,63.0,61.0,,,
2333,BM351,2022-12-18,10:37,50.0,40,AV SIEMPRE VIVA,R03,PAGADA,10.0,8.0,/content/urban_flow/data/raw/imgs/urban_flow_plates/9995dfc6e0eae5a1_patente.jpg,BM351,1.0
2334,MX60NZA,2023-10-12,15:23,130.0,80,AV LIBERTADOR,R02,APELADA,50.0,46.0,,,
2336,NHZ1002,1932-01-01,10:37,70.0,40,AV SIEMPRE VIVA,R03,IMPAGA,30.0,28.0,,,
2342,5777770,1932-01-01,10:37,126.0,80,AV LIBERTADOR,R03,IMPAGA,46.0,42.0,/content/urban_flow/data/raw/imgs/urban_flow_plates/7f56adf4b9306ac9_patente.jpg,5777770,1.0
2344,8B90638,1932-01-01,09:37,140.0,60,RUTA 9,R03,IMPAGA,80.0,77.0,,,
2346,TL03GOG,1932-01-01,15:23,120.0,80,AV SIEMPRE VIVA,R02,PAGADA,40.0,36.0,,,
2347,5777770,1932-01-01,00:00,129.0,60,RUTA 9,R03,PAGADA,69.0,66.0,/content/urban_flow/data/raw/imgs/urban_flow_plates/7f56adf4b9306ac9_patente.jpg,5777770,1.0
2348,M20CPR,1932-01-01,15:24,125.0,60,AV LIBERTADOR,R03,IMPAGA,65.0,62.0,,,
2350,FVIOUHP,1932-01-01,00:00,50.0,40,AV SIEMPRE VIVA,R01,APELADA,10.0,8.0,/content/urban_flow/data/raw/imgs/urban_flow_plates/28e26a4eb646c67a_patente.jpg,FVIDUHP,0.86
2351,BX55DOG,1932-01-01,15:24,74.0,40,AV LIBERTADOR,R02,IMPAGA,34.0,32.0,,,
2358,XIIUME,2020-06-15,19:40,114.0,40,RUTA 9,R01,PAGADA,74.0,72.0,/content/urban_flow/data/raw/imgs/urban_flow_plates/64de505bd2bac82b.jpg,XIIUME,1.0
2364,TL03GOG,1932-01-01,00:00,133.0,60,AV LIBERTADOR,R02,APELADA,73.0,70.0,,,
2365,T0YDR,2022-01-29,00:00,121.0,60,AV SIEMPRE VIVA,R03,PAGADA,61.0,58.0,,,
2370,RFH373,1932-01-01,10:38,98.0,80,AV SIEMPRE VIVA,R02,IMPAGA,18.0,14.0,,,
2371,GN64OTP,1932-01-01,10:38,93.0,80,AV LIBERTADOR,R03,PAGADA,13.0,9.0,,,
2378,RFH373,1932-01-01,00:00,148.0,80,RUTA 9,R02,APELADA,68.0,64.0,,,
2381,INTIGR8,1932-01-01,10:38,97.0,40,RUTA 9,R03,PAGADA,57.0,55.0,,,
2382,BP717,1932-01-01,00:00,112.0,40,AV SIEMPRE VIVA,R01,APELADA,72.0,70.0,/content/urban_flow/data/raw/imgs/urban_flow_plates/e1120bfe48f85c1b_patente.jpg,BP717,1.0
2383,691XC80,2023-05-19,00:00,67.0,60,AV LIBERTADOR,R01,APELADA,7.0,4.0,/content/urban_flow/data/raw/imgs/urban_flow_plates/5a122adbb1a776b7_patente.jpg,691XC80,1.0
2384,3646HBH,1932-01-01,00:00,68.0,40,AV LIBERTADOR,R01,IMPAGA,28.0,26.0,/content/urban_flow/data/raw/imgs/urban_flow_plates/d3729058c6a4186e_patente.jpg,3646HBH,1.0
2391,AI7OVF,2023-09-28,15:25,140.0,60,RUTA 9,R02,PAGADA,80.0,77.0,/content/urban_flow/data/raw/imgs/urban_flow_plates/747b0f12f54703ee_patente.jpg,AI70VF,0.83
2393,BHRP770,2020-12-08,09:38,61.0,40,AV SIEMPRE VIVA,R03,IMPAGA,21.0,19.0,/content/urban_flow/data/raw/imgs/urban_flow_plates/321ffb38656f7311_patente.jpg,BHRP770,1.0
2397,M431ZW,1932-01-01,15:26,118.0,80,AV LIBERTADOR,R02,IMPAGA,38.0,34.0,/content/urban_flow/data/raw/imgs/urban_flow_plates/299f0363ae21d1c3_patente.jpg,M431ZM,0.83
2401,WU08YWC,2021-07-25,19:42,146.0,80,RUTA 9,R02,IMPAGA,66.0,62.0,,,
2403,AWS167,1932-01-01,19:43,78.0,40,RUTA 9,R01,PAGADA,38.0,36.0,,,
2419,HK06YMX,1932-01-01,10:39,100.0,80,AV LIBERTADOR,R01,PAGADA,20.0,16.0,/content/urban_flow/data/raw/imgs/urban_flow_plates/9a4fe6361597f264_patente.jpg,HKO6YMX,0.86
2423,DK414N,1932-01-01,00:00,123.0,60,AV SIEMPRE VIVA,R02,PAGADA,63.0,60.0,,,
2425,WU08YWC,1932-01-01,09:39,117.0,40,RUTA 9,R02,IMPAGA,77.0,75.0,,,
2428,WEFLYN,1932-01-01,10:40,98.0,40,AV LIBERTADOR,R02,PAGADA,58.0,56.0,,,
2433,NTHGLFT,1932-01-01,19:45,92.0,40,AV SIEMPRE VIVA,R03,IMPAGA,52.0,50.0,,,
2434,HF3461,1932-01-01,00:00,57.0,40,RUTA 9,R01,APELADA,17.0,15.0,/content/urban_flow/data/raw/imgs/urban_flow_plates/a6e3b0b73220cd32_patente.jpg,HF3461,1.0
2437,6611172,1932-01-01,15:27,50.0,40,AV SIEMPRE VIVA,R03,IMPAGA,10.0,8.0,/content/urban_flow/data/raw/imgs/urban_flow_plates/7a1f9520c7ecd5b1_patente.jpg,6611172,1.0
2441,TL03GOG,2022-05-07,19:45,77.0,40,AV LIBERTADOR,R01,PAGADA,37.0,35.0,,,
2444,VNK296GP,1932-01-01,09:40,130.0,80,RUTA 9,R03,PAGADA,50.0,46.0,,,
2446,990XYK,2020-08-03,09:40,102.0,80,RUTA 9,R01,APELADA,22.0,18.0,,,
2447,831MDB,2023-01-28,09:40,133.0,80,AV LIBERTADOR,R02,APELADA,53.0,49.0,,,
2450,831MDB,1932-01-01,10:40,126.0,80,AV SIEMPRE VIVA,R02,PAGADA,46.0,42.0,,,
2455,CD05601,1932-01-01,15:28,122.0,60,AV SIEMPRE VIVA,R02,PAGADA,62.0,59.0,,,
2465,MPX9357,2021-09-14,09:42,106.0,40,AV LIBERTADOR,R01,IMPAGA,66.0,64.0,/content/urban_flow/data/raw/imgs/urban_flow_plates/182268e1f8c6525f_patente.jpg,MPX9357,1.0
2466,MVU4688,1932-01-01,00:00,87.0,80,RUTA 9,R01,PAGADA,7.0,3.0,/content/urban_flow/data/raw/imgs/urban_flow_plates/3feecc5809a29627_patente.jpg,MVU4688,1.0
2469,MVU4688,1932-01-01,00:00,106.0,40,RUTA 9,R03,PAGADA,66.0,64.0,/content/urban_flow/data/raw/imgs/urban_flow_plates/3feecc5809a29627_patente.jpg,MVU4688,1.0
2472,GOOGLE,1932-01-01,10:41,107.0,40,AV LIBERTADOR,R02,APELADA,67.0,65.0,,,
2476,5777770,2021-06-11,19:46,94.0,40,AV SIEMPRE VIVA,R01,APELADA,54.0,52.0,/content/urban_flow/data/raw/imgs/urban_flow_plates/7f56adf4b9306ac9_patente.jpg,5777770,1.0
2479,MX60NZA,1932-01-01,09:42,58.0,40,AV LIBERTADOR,R01,APELADA,18.0,16.0,,,
2480,BP717,1932-01-01,09:42,125.0,60,RUTA 9,R03,IMPAGA,65.0,62.0,/content/urban_flow/data/raw/imgs/urban_flow_plates/e1120bfe48f85c1b_patente.jpg,BP717,1.0
2484,CBMUK,2021-10-29,15:28,109.0,80,AV SIEMPRE VIVA,R02,IMPAGA,29.0,25.0,,,
2489,GLEN1E,1932-01-01,09:43,70.0,40,RUTA 9,R03,PAGADA,30.0,28.0,,,
2493,6EVY261,1932-01-01,00:00,107.0,40,AV LIBERTADOR,R03,APELADA,67.0,65.0,,,
2500,NTHGLFT,2023-08-16,00:00,63.0,40,AV LIBERTADOR,R01,APELADA,23.0,21.0,,,
2504,691XC80,1932-01-01,09:43,114.0,40,RUTA 9,R01,IMPAGA,74.0,72.0,/content/urban_flow/data/raw/imgs/urban_flow_plates/5a122adbb1a776b7_patente.jpg,691XC80,1.0
2509,MX60NZA,1932-01-01,10:42,106.0,40,AV LIBERTADOR,R01,IMPAGA,66.0,64.0,,,
2512,AI7OVF,1932-01-01,10:43,81.0,40,AV LIBERTADOR,R03,IMPAGA,41.0,39.0,/content/urban_flow/data/raw/imgs/urban_flow_plates/747b0f12f54703ee_patente.jpg,AI70VF,0.83
2516,J1S1,1932-01-01,15:29,102.0,40,AV SIEMPRE VIVA,R03,IMPAGA,62.0,60.0,/content/urban_flow/data/raw/imgs/urban_flow_plates/e82f13b4a2fe69f3_patente_1.jpg,J1S1,1.0
2517,OUTSTDN,1932-01-01,00:00,140.0,80,AV SIEMPRE VIVA,R01,APELADA,60.0,56.0,,,
2518,HK06YMX,1932-01-01,15:29,49.0,40,AV SIEMPRE VIVA,R03,APELADA,9.0,7.0,/content/urban_flow/data/raw/imgs/urban_flow_plates/9a4fe6361597f264_patente.jpg,HKO6YMX,0.86
2520,AI7OVF,1932-01-01,09:44,112.0,40,AV SIEMPRE VIVA,R02,PAGADA,72.0,70.0,/content/urban_flow/data/raw/imgs/urban_flow_plates/747b0f12f54703ee_patente.jpg,AI70VF,0.83
2523,UM96201,1932-01-01,09:44,64.0,40,RUTA 9,R03,APELADA,24.0,22.0,/content/urban_flow/data/raw/imgs/urban_flow_plates/09453a7c716a9ef3_patente.jpg,UM96201,1.0
2530,UM96201,1932-01-01,10:43,123.0,80,AV LIBERTADOR,R02,APELADA,43.0,39.0,/content/urban_flow/data/raw/imgs/urban_flow_plates/09453a7c716a9ef3_patente.jpg,UM96201,1.0
2534,DK414N,1932-01-01,09:45,110.0,40,AV LIBERTADOR,R03,APELADA,70.0,68.0,,,
2539,B81JKY,1932-01-01,10:43,111.0,40,AV SIEMPRE VIVA,R01,APELADA,71.0,69.0,,,
2540,AI7OVF,1932-01-01,15:30,67.0,40,AV LIBERTADOR,R03,APELADA,27.0,25.0,/content/urban_flow/data/raw/imgs/urban_flow_plates/747b0f12f54703ee_patente.jpg,AI70VF,0.83
2541,81ZFJD,1932-01-01,10:44,127.0,60,RUTA 9,R01,IMPAGA,67.0,64.0,,,
2543,XIIUME,1932-01-01,10:44,106.0,80,AV SIEMPRE VIVA,R01,IMPAGA,26.0,22.0,/content/urban_flow/data/raw/imgs/urban_flow_plates/64de505bd2bac82b.jpg,XIIUME,1.0
2544,WEFLYN,1932-01-01,15:30,121.0,80,AV LIBERTADOR,R02,IMPAGA,41.0,37.0,,,
2548,HAMSTUR,1932-01-01,19:49,84.0,60,RUTA 9,R01,PAGADA,24.0,21.0,,,
2549,BX55DOG,1932-01-01,19:49,93.0,40,AV SIEMPRE VIVA,R01,APELADA,53.0,51.0,,,
2550,WU08YWC,1932-01-01,00:00,75.0,60,AV SIEMPRE VIVA,R01,IMPAGA,15.0,12.0,,,
2554,NHZ1002,1932-01-01,00:00,72.0,40,AV LIBERTADOR,R03,PAGADA,32.0,30.0,,,
2556,CT5B876,1932-01-01,00:00,150.0,80,AV LIBERTADOR,R03,IMPAGA,70.0,66.0,/content/urban_flow/data/raw/imgs/urban_flow_plates/39c193bcc0c00f9e_patente.jpg,C75B876,0.86
2560,691XC80,1932-01-01,15:31,115.0,60,AV LIBERTADOR,R01,PAGADA,55.0,52.0,/content/urban_flow/data/raw/imgs/urban_flow_plates/5a122adbb1a776b7_patente.jpg,691XC80,1.0
2561,WEFLYN,1932-01-01,19:49,101.0,40,AV LIBERTADOR,R03,IMPAGA,61.0,59.0,,,
2562,81ZFJD,2020-08-14,15:31,89.0,80,RUTA 9,R01,PAGADA,9.0,5.0,,,
2566,HF3461,1932-01-01,15:31,118.0,80,RUTA 9,R02,APELADA,38.0,34.0,/content/urban_flow/data/raw/imgs/urban_flow_plates/a6e3b0b73220cd32_patente.jpg,HF3461,1.0
2567,FD1475,1932-01-01,09:46,110.0,60,AV SIEMPRE VIVA,R02,PAGADA,50.0,47.0,/content/urban_flow/data/raw/imgs/urban_flow_plates/d8daed582e6cce2d_patente.jpg,FD147,0.83
2569,BHRP770,1932-01-01,09:46,90.0,40,AV SIEMPRE VIVA,R02,PAGADA,50.0,48.0,/content/urban_flow/data/raw/imgs/urban_flow_plates/321ffb38656f7311_patente.jpg,BHRP770,1.0
2570,NHZ1002,1932-01-01,10:45,156.0,80,AV SIEMPRE VIVA,R02,IMPAGA,76.0,72.0,,,
2573,M20CPR,1932-01-01,15:32,69.0,40,AV LIBERTADOR,R01,IMPAGA,29.0,27.0,,,
2578,HF58HXP,2022-09-29,10:45,134.0,60,AV LIBERTADOR,R02,APELADA,74.0,71.0,/content/urban_flow/data/raw/imgs/urban_flow_plates/9a795bbf4e94d630_patente.jpg,HF5BHXP,0.86
2584,6611172,2023-11-14,00:00,112.0,80,RUTA 9,R02,PAGADA,32.0,28.0,/content/urban_flow/data/raw/imgs/urban_flow_plates/7a1f9520c7ecd5b1_patente.jpg,6611172,1.0
2587,9999868,1932-01-01,10:45,118.0,60,RUTA 9,R02,APELADA,58.0,55.0,,,
2596,BM351,1932-01-01,00:00,108.0,80,RUTA 9,R01,APELADA,28.0,24.0,/content/urban_flow/data/raw/imgs/urban_flow_plates/9995dfc6e0eae5a1_patente.jpg,BM351,1.0
2600,HF3461,1932-01-01,10:46,127.0,80,RUTA 9,R03,APELADA,47.0,43.0,/content/urban_flow/data/raw/imgs/urban_flow_plates/a6e3b0b73220cd32_patente.jpg,HF3461,1.0
2601,TL03GOG,1932-01-01,19:51,65.0,40,AV LIBERTADOR,R02,PAGADA,25.0,23.0,,,
2603,9999868,2022-11-01,09:47,130.0,80,AV LIBERTADOR,R03,APELADA,50.0,46.0,,,
2608,3646HBH,1932-01-01,19:51,69.0,60,AV LIBERTADOR,R02,APELADA,9.0,6.0,/content/urban_flow/data/raw/imgs/urban_flow_plates/d3729058c6a4186e_patente.jpg,3646HBH,1.0
2610,CBMUK,2021-08-28,10:47,88.0,60,AV LIBERTADOR,R02,APELADA,28.0,25.0,,,
2611,WEFLYN,1932-01-01,00:00,138.0,80,RUTA 9,R03,PAGADA,58.0,54.0,,,
2619,81ZFJD,2020-03-06,10:47,129.0,60,AV SIEMPRE VIVA,R01,APELADA,69.0,66.0,,,
2630,9999868,1932-01-01,00:00,108.0,60,AV SIEMPRE VIVA,R01,IMPAGA,48.0,45.0,,,
2634,HF58HXP,2023-12-30,19:52,97.0,40,AV SIEMPRE VIVA,R02,PAGADA,57.0,55.0,/content/urban_flow/data/raw/imgs/urban_flow_plates/9a795bbf4e94d630_patente.jpg,HF5BHXP,0.86
2636,WEFLYN,1932-01-01,09:48,124.0,80,AV LIBERTADOR,R02,APELADA,44.0,40.0,,,
2637,VY90540,1932-01-01,09:49,55.0,40,AV LIBERTADOR,R02,APELADA,15.0,13.0,/content/urban_flow/data/raw/imgs/urban_flow_plates/288a95c01e43cd14_patente.jpg,VY90540,1.0
2639,5777770,1932-01-01,10:48,78.0,40,AV LIBERTADOR,R03,IMPAGA,38.0,36.0,/content/urban_flow/data/raw/imgs/urban_flow_plates/7f56adf4b9306ac9_patente.jpg,5777770,1.0
2641,J1S1,1932-01-01,19:53,147.0,80,RUTA 9,R03,IMPAGA,67.0,63.0,/content/urban_flow/data/raw/imgs/urban_flow_plates/e82f13b4a2fe69f3_patente_1.jpg,J1S1,1.0
2652,OUTSTDN,2022-05-29,19:54,101.0,40,RUTA 9,R02,APELADA,61.0,59.0,,,
2655,WU08YWC,1932-01-01,00:00,112.0,80,AV SIEMPRE VIVA,R02,APELADA,32.0,28.0,,,
2656,GE1466,1932-01-01,15:34,86.0,60,RUTA 9,R01,APELADA,26.0,23.0,,,
2660,0695DVH,1932-01-01,09:50,46.0,40,RUTA 9,R03,PAGADA,6.0,4.0,,,
2664,0695DVH,1932-01-01,19:54,135.0,80,AV SIEMPRE VIVA,R03,PAGADA,55.0,51.0,,,
2667,T0YDR,2021-08-19,19:54,144.0,80,RUTA 9,R03,APELADA,64.0,60.0,,,
2669,990XYK,1932-01-01,09:50,119.0,40,AV LIBERTADOR,R01,PAGADA,79.0,77.0,,,
2671,MPX9357,1932-01-01,10:49,86.0,40,AV LIBERTADOR,R03,APELADA,46.0,44.0,/content/urban_flow/data/raw/imgs/urban_flow_plates/182268e1f8c6525f_patente.jpg,MPX9357,1.0
2672,TL03GOG,2022-05-08,00:00,46.0,40,AV LIBERTADOR,R02,PAGADA,6.0,4.0,,,
2687,YLO8WUE,1932-01-01,09:50,148.0,80,RUTA 9,R03,IMPAGA,68.0,64.0,,,
2689,WU341A,1932-01-01,19:56,116.0,60,AV SIEMPRE VIVA,R03,PAGADA,56.0,53.0,,,
2690,GN64OTP,1932-01-01,10:50,138.0,80,RUTA 9,R03,PAGADA,58.0,54.0,,,
2697,VY90540,1932-01-01,09:51,74.0,60,AV SIEMPRE VIVA,R02,APELADA,14.0,11.0,/content/urban_flow/data/raw/imgs/urban_flow_plates/288a95c01e43cd14_patente.jpg,VY90540,1.0
2706,691XC80,1932-01-01,09:51,121.0,80,AV LIBERTADOR,R02,APELADA,41.0,37.0,/content/urban_flow/data/raw/imgs/urban_flow_plates/5a122adbb1a776b7_patente.jpg,691XC80,1.0
2713,NHZ1002,2020-07-31,10:51,128.0,60,AV LIBERTADOR,R03,PAGADA,68.0,65.0,,,
2724,FD1475,1932-01-01,10:51,59.0,40,RUTA 9,R03,IMPAGA,19.0,17.0,/content/urban_flow/data/raw/imgs/urban_flow_plates/d8daed582e6cce2d_patente.jpg,FD147,0.83
2725,CD05601,1932-01-01,00:00,104.0,60,AV LIBERTADOR,R01,IMPAGA,44.0,41.0,,,
2733,BM351,1932-01-01,09:53,80.0,40,AV LIBERTADOR,R02,PAGADA,40.0,38.0,/content/urban_flow/data/raw/imgs/urban_flow_plates/9995dfc6e0eae5a1_patente.jpg,BM351,1.0
2734,OUTSTDN,1932-01-01,00:00,88.0,60,AV LIBERTADOR,R02,APELADA,28.0,25.0,,,
2738,HK06YMX,1932-01-01,15:36,119.0,40,RUTA 9,R03,APELADA,79.0,77.0,/content/urban_flow/data/raw/imgs/urban_flow_plates/9a4fe6361597f264_patente.jpg,HKO6YMX,0.86
2745,3646HBH,1932-01-01,00:00,77.0,40,AV SIEMPRE VIVA,R03,APELADA,37.0,35.0,/content/urban_flow/data/raw/imgs/urban_flow_plates/d3729058c6a4186e_patente.jpg,3646HBH,1.0
2749,DK414N,2021-06-14,00:00,65.0,40,RUTA 9,R03,APELADA,25.0,23.0,,,
2755,UM96201,1932-01-01,09:54,67.0,40,AV LIBERTADOR,R02,IMPAGA,27.0,25.0,/content/urban_flow/data/raw/imgs/urban_flow_plates/09453a7c716a9ef3_patente.jpg,UM96201,1.0
2756,BB8986,2024-01-01,15:37,104.0,40,AV LIBERTADOR,R03,PAGADA,64.0,62.0,/content/urban_flow/data/raw/imgs/urban_flow_plates/7cbc7ee444622a66_patente.jpg,BB8986,1.0
2757,FVIOUHP,1932-01-01,15:37,109.0,40,AV LIBERTADOR,R02,APELADA,69.0,67.0,/content/urban_flow/data/raw/imgs/urban_flow_plates/28e26a4eb646c67a_patente.jpg,FVIDUHP,0.86
2761,GLEN1E,1932-01-01,19:58,105.0,40,RUTA 9,R03,IMPAGA,65.0,63.0,,,
2764,BP717,2023-07-26,10:53,103.0,60,AV LIBERTADOR,R03,IMPAGA,43.0,40.0,/content/urban_flow/data/raw/imgs/urban_flow_plates/e1120bfe48f85c1b_patente.jpg,BP717,1.0
2765,589222,1932-01-01,15:38,112.0,80,RUTA 9,R01,IMPAGA,32.0,28.0,/content/urban_flow/data/raw/imgs/urban_flow_plates/246a0e4264a39433_patente.jpg,589222,1.0
2769,HF3461,2021-10-01,00:00,102.0,80,AV LIBERTADOR,R03,IMPAGA,22.0,18.0,/content/urban_flow/data/raw/imgs/urban_flow_plates/a6e3b0b73220cd32_patente.jpg,HF3461,1.0
2778,6NCE831,1932-01-01,00:00,128.0,60,AV LIBERTADOR,R03,APELADA,68.0,65.0,,,
2786,UM96201,2021-02-02,09:54,99.0,40,AV LIBERTADOR,R03,APELADA,59.0,57.0,/content/urban_flow/data/raw/imgs/urban_flow_plates/09453a7c716a9ef3_patente.jpg,UM96201,1.0
2789,CBMUK,2021-09-22,00:00,144.0,80,AV LIBERTADOR,R01,APELADA,64.0,60.0,,,
2791,8B90638,2021-02-20,19:59,125.0,60,AV LIBERTADOR,R01,PAGADA,65.0,62.0,,,
2796,MPX9357,1932-01-01,15:39,116.0,60,AV LIBERTADOR,R03,PAGADA,56.0,53.0,/content/urban_flow/data/raw/imgs/urban_flow_plates/182268e1f8c6525f_patente.jpg,MPX9357,1.0
2798,OUTSTDN,1932-01-01,10:54,122.0,60,AV SIEMPRE VIVA,R01,PAGADA,62.0,59.0,,,
2811,DI2LOT,2022-07-29,09:56,86.0,80,RUTA 9,R01,IMPAGA,6.0,2.0,,,
2820,XIIUME,1932-01-01,20:01,67.0,40,RUTA 9,R02,APELADA,27.0,25.0,/content/urban_flow/data/raw/imgs/urban_flow_plates/64de505bd2bac82b.jpg,XIIUME,1.0
2821,BB8986,1932-01-01,00:00,62.0,40,AV LIBERTADOR,R02,IMPAGA,22.0,20.0,/content/urban_flow/data/raw/imgs/urban_flow_plates/7cbc7ee444622a66_patente.jpg,BB8986,1.0
2824,B81JKY,1932-01-01,15:40,142.0,80,RUTA 9,R03,PAGADA,62.0,58.0,,,
2837,W326AVE,1932-01-01,00:00,151.0,80,AV LIBERTADOR,R01,PAGADA,71.0,67.0,/content/urban_flow/data/raw/imgs/urban_flow_plates/6c144e47161867c2_patente.jpg,W326AVE,1.0
2845,831MDB,1932-01-01,09:58,154.0,80,AV LIBERTADOR,R01,IMPAGA,74.0,70.0,,,
2848,VNK296GP,2020-09-05,15:40,125.0,60,AV LIBERTADOR,R01,IMPAGA,65.0,62.0,,,
2853,MVU4688,1932-01-01,00:00,109.0,40,AV SIEMPRE VIVA,R02,PAGADA,69.0,67.0,/content/urban_flow/data/raw/imgs/urban_flow_plates/3feecc5809a29627_patente.jpg,MVU4688,1.0
2854,UM96201,1932-01-01,00:00,129.0,80,AV SIEMPRE VIVA,R01,PAGADA,49.0,45.0,/content/urban_flow/data/raw/imgs/urban_flow_plates/09453a7c716a9ef3_patente.jpg,UM96201,1.0
2855,990XYK,1932-01-01,10:56,110.0,60,RUTA 9,R03,IMPAGA,50.0,47.0,,,
2862,MX60NZA,1932-01-01,09:59,141.0,80,RUTA 9,R01,PAGADA,61.0,57.0,,,
2863,XIIUME,1932-01-01,00:00,123.0,80,AV SIEMPRE VIVA,R01,APELADA,43.0,39.0,/content/urban_flow/data/raw/imgs/urban_flow_plates/64de505bd2bac82b.jpg,XIIUME,1.0
2868,PIW4215,1932-01-01,09:59,112.0,60,RUTA 9,R01,IMPAGA,52.0,49.0,,,
2870,XIIUME,1932-01-01,00:00,134.0,80,AV LIBERTADOR,R01,IMPAGA,54.0,50.0,/content/urban_flow/data/raw/imgs/urban_flow_plates/64de505bd2bac82b.jpg,XIIUME,1.0
2878,M431ZW,1932-01-01,20:03,70.0,60,AV SIEMPRE VIVA,R02,PAGADA,10.0,7.0,/content/urban_flow/data/raw/imgs/urban_flow_plates/299f0363ae21d1c3_patente.jpg,M431ZM,0.83
2885,2999961,1932-01-01,10:58,55.0,40,RUTA 9,R03,PAGADA,15.0,13.0,/content/urban_flow/data/raw/imgs/urban_flow_plates/5ff91ccfc6f15d04_patente.jpg,2999961,1.0
2887,VY90540,1932-01-01,20:03,118.0,40,RUTA 9,R02,IMPAGA,78.0,76.0,/content/urban_flow/data/raw/imgs/urban_flow_plates/288a95c01e43cd14_patente.jpg,VY90540,1.0
2888,41RSTZ,1932-01-01,10:58,99.0,60,RUTA 9,R03,IMPAGA,39.0,36.0,,,
2892,831MDB,1932-01-01,20:03,117.0,60,AV SIEMPRE VIVA,R03,PAGADA,57.0,54.0,,,
2895,5777770,2023-09-30,15:42,85.0,40,AV LIBERTADOR,R03,IMPAGA,45.0,43.0,/content/urban_flow/data/raw/imgs/urban_flow_plates/7f56adf4b9306ac9_patente.jpg,5777770,1.0
2906,PIW4215,1932-01-01,10:00,117.0,60,AV LIBERTADOR,R02,IMPAGA,57.0,54.0,,,
2907,BX55DOG,1932-01-01,10:00,93.0,60,RUTA 9,R02,IMPAGA,33.0,30.0,,,
2908,3646HBH,2022-11-12,10:59,138.0,80,AV SIEMPRE VIVA,R03,APELADA,58.0,54.0,/content/urban_flow/data/raw/imgs/urban_flow_plates/d3729058c6a4186e_patente.jpg,3646HBH,1.0
2910,CD05601,1932-01-01,15:42,102.0,80,RUTA 9,R02,APELADA,22.0,18.0,,,
2911,M431ZW,2023-10-10,10:59,68.0,40,AV SIEMPRE VIVA,R01,IMPAGA,28.0,26.0,/content/urban_flow/data/raw/imgs/urban_flow_plates/299f0363ae21d1c3_patente.jpg,M431ZM,0.83
2912,FVIOUHP,1932-01-01,10:59,138.0,80,AV LIBERTADOR,R03,IMPAGA,58.0,54.0,/content/urban_flow/data/raw/imgs/urban_flow_plates/28e26a4eb646c67a_patente.jpg,FVIDUHP,0.86
2924,WU08YWC,2020-05-10,10:01,130.0,80,AV SIEMPRE VIVA,R03,PAGADA,50.0,46.0,,,
2927,589222,1932-01-01,10:01,55.0,40,AV SIEMPRE VIVA,R03,PAGADA,15.0,13.0,/content/urban_flow/data/raw/imgs/urban_flow_plates/246a0e4264a39433_patente.jpg,589222,1.0
2937,81ZFJD,1932-01-01,10:01,87.0,80,AV LIBERTADOR,R01,PAGADA,7.0,3.0,,,
2942,691XC80,1932-01-01,15:44,123.0,60,AV SIEMPRE VIVA,R01,APELADA,63.0,60.0,/content/urban_flow/data/raw/imgs/urban_flow_plates/5a122adbb1a776b7_patente.jpg,691XC80,1.0
2944,NTHGLFT,1932-01-01,20:05,47.0,40,RUTA 9,R02,APELADA,7.0,5.0,,,
2945,FD1475,1932-01-01,20:05,107.0,60,AV SIEMPRE VIVA,R03,APELADA,47.0,44.0,/content/urban_flow/data/raw/imgs/urban_flow_plates/d8daed582e6cce2d_patente.jpg,FD147,0.83
2953,INTIGR8,2021-12-26,15:44,154.0,80,AV LIBERTADOR,R02,IMPAGA,74.0,70.0,,,
2957,691XC80,1932-01-01,11:00,135.0,60,AV LIBERTADOR,R02,PAGADA,75.0,72.0,/content/urban_flow/data/raw/imgs/urban_flow_plates/5a122adbb1a776b7_patente.jpg,691XC80,1.0
2958,GLEN1E,1932-01-01,10:02,64.0,40,RUTA 9,R03,IMPAGA,24.0,22.0,,,
2960,8B90638,1932-01-01,11:01,55.0,40,AV SIEMPRE VIVA,R03,APELADA,15.0,13.0,,,
2965,T0YDR,1932-01-01,11:01,137.0,80,RUTA 9,R03,PAGADA,57.0,53.0,,,
2966,BP717,1932-01-01,15:45,112.0,40,AV LIBERTADOR,R03,APELADA,72.0,70.0,/content/urban_flow/data/raw/imgs/urban_flow_plates/e1120bfe48f85c1b_patente.jpg,BP717,1.0
2970,DK414N,1932-01-01,10:02,89.0,40,AV LIBERTADOR,R02,APELADA,49.0,47.0,,,
2973,2999961,1932-01-01,10:02,102.0,80,AV SIEMPRE VIVA,R01,APELADA,22.0,18.0,/content/urban_flow/data/raw/imgs/urban_flow_plates/5ff91ccfc6f15d04_patente.jpg,2999961,1.0
2981,XIIUME,1932-01-01,00:00,81.0,60,RUTA 9,R02,IMPAGA,21.0,18.0,/content/urban_flow/data/raw/imgs/urban_flow_plates/64de505bd2bac82b.jpg,XIIUME,1.0
2983,589222,1932-01-01,00:00,62.0,40,AV SIEMPRE VIVA,R03,APELADA,22.0,20.0,/content/urban_flow/data/raw/imgs/urban_flow_plates/246a0e4264a39433_patente.jpg,589222,1.0
2984,M20CPR,2022-06-03,10:03,84.0,60,RUTA 9,R01,PAGADA,24.0,21.0,,,
2985,J1S1,1932-01-01,00:00,116.0,60,AV SIEMPRE VIVA,R01,IMPAGA,56.0,53.0,/content/urban_flow/data/raw/imgs/urban_flow_plates/e82f13b4a2fe69f3_patente_1.jpg,J1S1,1.0
2989,691XC80,1932-01-01,11:01,117.0,60,AV SIEMPRE VIVA,R01,PAGADA,57.0,54.0,/content/urban_flow/data/raw/imgs/urban_flow_plates/5a122adbb1a776b7_patente.jpg,691XC80,1.0
2990,INTIGR8,1932-01-01,15:46,110.0,80,AV LIBERTADOR,R01,IMPAGA,30.0,26.0,,,
2993,INTIGR8,1932-01-01,00:00,114.0,80,RUTA 9,R02,APELADA,34.0,30.0,,,
2997,CBMUK,1932-01-01,15:46,54.0,40,AV LIBERTADOR,R01,IMPAGA,14.0,12.0,,,
3001,MX60NZA,2020-05-25,15:46,118.0,60,AV LIBERTADOR,R01,APELADA,58.0,55.0,,,
3002,8B90638,1932-01-01,15:47,88.0,60,AV LIBERTADOR,R03,APELADA,28.0,25.0,,,
3009,BB8986,1932-01-01,00:00,104.0,60,RUTA 9,R03,PAGADA,44.0,41.0,/content/urban_flow/data/raw/imgs/urban_flow_plates/7cbc7ee444622a66_patente.jpg,BB8986,1.0
3010,UM96201,1932-01-01,20:08,57.0,40,AV SIEMPRE VIVA,R03,PAGADA,17.0,15.0,/content/urban_flow/data/raw/imgs/urban_flow_plates/09453a7c716a9ef3_patente.jpg,UM96201,1.0
3013,FD1475,1932-01-01,11:03,118.0,60,RUTA 9,R02,APELADA,58.0,55.0,/content/urban_flow/data/raw/imgs/urban_flow_plates/d8daed582e6cce2d_patente.jpg,FD147,0.83
3014,RFH373,1932-01-01,00:00,120.0,80,AV LIBERTADOR,R03,PAGADA,40.0,36.0,,,
3018,GCP332,2023-02-13,10:04,79.0,60,AV LIBERTADOR,R01,PAGADA,19.0,16.0,,,
3023,5777770,1932-01-01,15:47,75.0,40,AV LIBERTADOR,R03,PAGADA,35.0,33.0,/content/urban_flow/data/raw/imgs/urban_flow_plates/7f56adf4b9306ac9_patente.jpg,5777770,1.0
3036,990XYK,1932-01-01,20:08,93.0,80,AV LIBERTADOR,R02,APELADA,13.0,9.0,,,
3037,GOOGLE,1932-01-01,20:09,86.0,40,AV LIBERTADOR,R02,IMPAGA,46.0,44.0,,,
3040,BM351,1932-01-01,20:09,111.0,80,RUTA 9,R02,APELADA,31.0,27.0,/content/urban_flow/data/raw/imgs/urban_flow_plates/9995dfc6e0eae5a1_patente.jpg,BM351,1.0
3053,MVU4688,1932-01-01,10:05,105.0,60,RUTA 9,R03,PAGADA,45.0,42.0,/content/urban_flow/data/raw/imgs/urban_flow_plates/3feecc5809a29627_patente.jpg,MVU4688,1.0
3054,AWS167,1932-01-01,10:05,81.0,40,AV LIBERTADOR,R03,IMPAGA,41.0,39.0,,,
3055,YLO8WUE,1932-01-01,00:00,108.0,80,AV LIBERTADOR,R02,IMPAGA,28.0,24.0,,,
3064,FD1475,1932-01-01,20:10,108.0,80,AV LIBERTADOR,R02,APELADA,28.0,24.0,/content/urban_flow/data/raw/imgs/urban_flow_plates/d8daed582e6cce2d_patente.jpg,FD147,0.83
3066,VY90540,1932-01-01,20:10,102.0,40,AV LIBERTADOR,R02,PAGADA,62.0,60.0,/content/urban_flow/data/raw/imgs/urban_flow_plates/288a95c01e43cd14_patente.jpg,VY90540,1.0
3067,T0YDR,1932-01-01,00:00,110.0,80,AV LIBERTADOR,R03,APELADA,30.0,26.0,,,
3072,UW3932,1932-01-01,00:00,49.0,40,AV SIEMPRE VIVA,R03,APELADA,9.0,7.0,,,
3077,B81JKY,1932-01-01,00:00,112.0,40,AV SIEMPRE VIVA,R01,IMPAGA,72.0,70.0,,,
3083,VTIIAHV,1932-01-01,20:11,94.0,60,RUTA 9,R03,PAGADA,34.0,31.0,,,
3086,GE1466,1932-01-01,10:06,76.0,40,RUTA 9,R03,APELADA,36.0,34.0,,,
3087,B81JKY,2022-12-21,20:11,82.0,40,AV LIBERTADOR,R03,IMPAGA,42.0,40.0,,,
3093,INTIGR8,2022-08-22,15:49,107.0,80,AV LIBERTADOR,R02,IMPAGA,27.0,23.0,,,
3095,810TCH,1932-01-01,20:12,48.0,40,AV LIBERTADOR,R02,IMPAGA,8.0,6.0,,,
3100,NTHGLFT,2020-09-30,20:12,90.0,60,AV LIBERTADOR,R01,PAGADA,30.0,27.0,,,
3109,8B90638,1932-01-01,20:13,68.0,60,AV LIBERTADOR,R02,IMPAGA,8.0,5.0,,,
3111,DK414N,1932-01-01,11:05,85.0,40,AV LIBERTADOR,R02,IMPAGA,45.0,43.0,,,
3117,OUTSTDN,1932-01-01,11:06,53.0,40,AV LIBERTADOR,R02,IMPAGA,13.0,11.0,,,
3122,J1S1,1932-01-01,11:06,91.0,60,AV SIEMPRE VIVA,R01,APELADA,31.0,28.0,/content/urban_flow/data/raw/imgs/urban_flow_plates/e82f13b4a2fe69f3_patente_1.jpg,J1S1,1.0
3128,831MDB,2023-12-16,00:00,60.0,40,AV SIEMPRE VIVA,R01,PAGADA,20.0,18.0,,,
3137,NHZ1002,1932-01-01,11:08,65.0,60,AV LIBERTADOR,R02,APELADA,5.0,2.0,,,
3138,PIW4215,1932-01-01,15:51,82.0,60,RUTA 9,R03,IMPAGA,22.0,19.0,,,
3142,HAMSTUR,1932-01-01,15:51,133.0,80,AV SIEMPRE VIVA,R02,APELADA,53.0,49.0,,,
3150,810TCH,2023-09-23,00:00,130.0,60,RUTA 9,R02,APELADA,70.0,67.0,,,
3155,HAMSTUR,1932-01-01,10:08,71.0,40,AV LIBERTADOR,R01,PAGADA,31.0,29.0,,,
3158,DI2LOT,1932-01-01,00:00,75.0,40,AV LIBERTADOR,R02,APELADA,35.0,33.0,,,
3161,FVIOUHP,1932-01-01,20:13,130.0,80,AV SIEMPRE VIVA,R03,IMPAGA,50.0,46.0,/content/urban_flow/data/raw/imgs/urban_flow_plates/28e26a4eb646c67a_patente.jpg,FVIDUHP,0.86
3162,HF3461,2023-02-28,00:00,124.0,60,AV LIBERTADOR,R03,IMPAGA,64.0,61.0,/content/urban_flow/data/raw/imgs/urban_flow_plates/a6e3b0b73220cd32_patente.jpg,HF3461,1.0
3166,BP717,1932-01-01,20:14,107.0,80,AV SIEMPRE VIVA,R02,IMPAGA,27.0,23.0,/content/urban_flow/data/raw/imgs/urban_flow_plates/e1120bfe48f85c1b_patente.jpg,BP717,1.0
3168,MPX9357,1932-01-01,20:14,43.0,40,RUTA 9,R01,APELADA,3.0,1.0,/content/urban_flow/data/raw/imgs/urban_flow_plates/182268e1f8c6525f_patente.jpg,MPX9357,1.0
3169,J1S1,2021-11-23,11:09,85.0,60,AV LIBERTADOR,R03,APELADA,25.0,22.0,/content/urban_flow/data/raw/imgs/urban_flow_plates/e82f13b4a2fe69f3_patente_1.jpg,J1S1,1.0
3171,3646HBH,1932-01-01,20:14,131.0,80,AV LIBERTADOR,R01,IMPAGA,51.0,47.0,/content/urban_flow/data/raw/imgs/urban_flow_plates/d3729058c6a4186e_patente.jpg,3646HBH,1.0
3176,9999868,1932-01-01,11:09,155.0,80,AV SIEMPRE VIVA,R03,APELADA,75.0,71.0,,,
3177,WU341A,1932-01-01,15:53,103.0,60,RUTA 9,R03,PAGADA,43.0,40.0,,,
3179,GN64OTP,2023-10-27,20:15,65.0,60,RUTA 9,R01,PAGADA,5.0,2.0,,,
3190,691XC80,2020-08-16,11:10,118.0,80,RUTA 9,R03,IMPAGA,38.0,34.0,/content/urban_flow/data/raw/imgs/urban_flow_plates/5a122adbb1a776b7_patente.jpg,691XC80,1.0
3192,B81JKY,1932-01-01,00:00,73.0,60,RUTA 9,R02,PAGADA,13.0,10.0,,,
3195,OUTSTDN,1932-01-01,20:16,157.0,80,AV SIEMPRE VIVA,R01,APELADA,77.0,73.0,,,
3198,YLO8WUE,1932-01-01,11:10,151.0,80,AV LIBERTADOR,R02,PAGADA,71.0,67.0,,,
3203,DI2LOT,1932-01-01,15:54,92.0,80,AV SIEMPRE VIVA,R02,APELADA,12.0,8.0,,,
3207,41RSTZ,2022-05-24,00:00,144.0,80,AV LIBERTADOR,R02,APELADA,64.0,60.0,,,
3208,WEFLYN,1932-01-01,11:11,112.0,60,AV LIBERTADOR,R02,IMPAGA,52.0,49.0,,,
3210,41RSTZ,1932-01-01,10:09,134.0,60,RUTA 9,R01,IMPAGA,74.0,71.0,,,
3219,T0YDR,2020-05-22,20:17,137.0,80,AV LIBERTADOR,R03,IMPAGA,57.0,53.0,,,
3221,BB8986,1932-01-01,20:18,81.0,60,AV LIBERTADOR,R02,APELADA,21.0,18.0,/content/urban_flow/data/raw/imgs/urban_flow_plates/7cbc7ee444622a66_patente.jpg,BB8986,1.0
3222,VTIIAHV,1932-01-01,10:10,138.0,80,AV LIBERTADOR,R02,APELADA,58.0,54.0,,,
3225,M431ZW,1932-01-01,10:10,155.0,80,AV SIEMPRE VIVA,R02,PAGADA,75.0,71.0,/content/urban_flow/data/raw/imgs/urban_flow_plates/299f0363ae21d1c3_patente.jpg,M431ZM,0.83
3228,AI7OVF,1932-01-01,20:18,119.0,60,RUTA 9,R02,PAGADA,59.0,56.0,/content/urban_flow/data/raw/imgs/urban_flow_plates/747b0f12f54703ee_patente.jpg,AI70VF,0.83
3231,HF3461,1932-01-01,20:18,101.0,40,AV LIBERTADOR,R03,IMPAGA,61.0,59.0,/content/urban_flow/data/raw/imgs/urban_flow_plates/a6e3b0b73220cd32_patente.jpg,HF3461,1.0
3234,NTHGLFT,1932-01-01,00:00,101.0,60,AV LIBERTADOR,R03,IMPAGA,41.0,38.0,,,
3235,INTIGR8,1932-01-01,10:11,101.0,60,AV SIEMPRE VIVA,R03,IMPAGA,41.0,38.0,,,
3238,0695DVH,1932-01-01,11:11,116.0,40,AV LIBERTADOR,R02,IMPAGA,76.0,74.0,,,
3242,VY90540,1932-01-01,11:12,94.0,40,AV LIBERTADOR,R02,PAGADA,54.0,52.0,/content/urban_flow/data/raw/imgs/urban_flow_plates/288a95c01e43cd14_patente.jpg,VY90540,1.0
3249,GN64OTP,1932-01-01,20:19,99.0,80,RUTA 9,R02,PAGADA,19.0,15.0,,,
3251,CT5B876,1932-01-01,00:00,120.0,80,AV LIBERTADOR,R03,APELADA,40.0,36.0,/content/urban_flow/data/raw/imgs/urban_flow_plates/39c193bcc0c00f9e_patente.jpg,C75B876,0.86
3253,409,1932-01-01,10:11,106.0,80,AV LIBERTADOR,R01,APELADA,26.0,22.0,,,
3259,FVIOUHP,1932-01-01,10:12,159.0,80,AV SIEMPRE VIVA,R02,APELADA,79.0,75.0,/content/urban_flow/data/raw/imgs/urban_flow_plates/28e26a4eb646c67a_patente.jpg,FVIDUHP,0.86
3263,GCP332,1932-01-01,11:13,140.0,80,RUTA 9,R03,APELADA,60.0,56.0,,,
3265,NHZ1002,1932-01-01,20:20,110.0,40,AV LIBERTADOR,R02,PAGADA,70.0,68.0,,,
3266,HK06YMX,2022-07-22,10:12,65.0,40,AV LIBERTADOR,R01,IMPAGA,25.0,23.0,/content/urban_flow/data/raw/imgs/urban_flow_plates/9a4fe6361597f264_patente.jpg,HKO6YMX,0.86
3269,6611172,1932-01-01,15:55,67.0,60,AV LIBERTADOR,R02,PAGADA,7.0,4.0,/content/urban_flow/data/raw/imgs/urban_flow_plates/7a1f9520c7ecd5b1_patente.jpg,6611172,1.0
3270,BB8986,1932-01-01,00:00,94.0,40,RUTA 9,R02,APELADA,54.0,52.0,/content/urban_flow/data/raw/imgs/urban_flow_plates/7cbc7ee444622a66_patente.jpg,BB8986,1.0
3272,MPX9357,1932-01-01,00:00,115.0,80,RUTA 9,R01,APELADA,35.0,31.0,/content/urban_flow/data/raw/imgs/urban_flow_plates/182268e1f8c6525f_patente.jpg,MPX9357,1.0
3273,6611172,1932-01-01,15:55,98.0,80,AV SIEMPRE VIVA,R03,PAGADA,18.0,14.0,/content/urban_flow/data/raw/imgs/urban_flow_plates/7a1f9520c7ecd5b1_patente.jpg,6611172,1.0
3275,WU341A,1932-01-01,10:13,124.0,80,RUTA 9,R03,PAGADA,44.0,40.0,,,
3281,M20CPR,1932-01-01,11:14,94.0,60,AV LIBERTADOR,R02,PAGADA,34.0,31.0,,,
3285,T0YDR,1932-01-01,11:15,87.0,80,AV LIBERTADOR,R01,APELADA,7.0,3.0,,,
3287,831MDB,1932-01-01,15:55,116.0,80,RUTA 9,R01,IMPAGA,36.0,32.0,,,
3288,UM96201,1932-01-01,11:15,110.0,80,RUTA 9,R02,PAGADA,30.0,26.0,/content/urban_flow/data/raw/imgs/urban_flow_plates/09453a7c716a9ef3_patente.jpg,UM96201,1.0
3290,FVIOUHP,1932-01-01,00:00,52.0,40,AV LIBERTADOR,R01,PAGADA,12.0,10.0,/content/urban_flow/data/raw/imgs/urban_flow_plates/28e26a4eb646c67a_patente.jpg,FVIDUHP,0.86
3298,HF58HXP,1932-01-01,20:21,75.0,40,AV SIEMPRE VIVA,R02,IMPAGA,35.0,33.0,/content/urban_flow/data/raw/imgs/urban_flow_plates/9a795bbf4e94d630_patente.jpg,HF5BHXP,0.86
3305,NTHGLFT,2020-03-08,10:13,154.0,80,AV LIBERTADOR,R03,APELADA,74.0,70.0,,,
3307,TL03GOG,1932-01-01,11:16,139.0,60,AV LIBERTADOR,R03,APELADA,79.0,76.0,,,
3309,DI2LOT,1932-01-01,11:16,99.0,80,RUTA 9,R01,IMPAGA,19.0,15.0,,,
3311,BHRP770,2022-06-01,20:22,90.0,60,AV LIBERTADOR,R02,APELADA,30.0,27.0,/content/urban_flow/data/raw/imgs/urban_flow_plates/321ffb38656f7311_patente.jpg,BHRP770,1.0
3315,6EVY261,1932-01-01,10:14,151.0,80,RUTA 9,R02,PAGADA,71.0,67.0,,,
3320,VNK296GP,1932-01-01,20:22,153.0,80,AV LIBERTADOR,R03,PAGADA,73.0,69.0,,,
3322,WU08YWC,1932-01-01,20:22,100.0,40,AV LIBERTADOR,R02,IMPAGA,60.0,58.0,,,
3328,WEFLYN,2020-12-16,15:56,132.0,80,AV LIBERTADOR,R01,IMPAGA,52.0,48.0,,,
3330,6NCE831,1932-01-01,20:23,78.0,60,AV LIBERTADOR,R03,IMPAGA,18.0,15.0,,,
3333,MX60NZA,1932-01-01,11:17,56.0,40,RUTA 9,R02,PAGADA,16.0,14.0,,,
3336,6NCE831,1932-01-01,20:23,153.0,80,AV LIBERTADOR,R03,IMPAGA,73.0,69.0,,,
3339,T0YDR,2023-12-30,20:23,62.0,40,AV SIEMPRE VIVA,R03,IMPAGA,22.0,20.0,,,
3345,NTHGLFT,1932-01-01,10:16,100.0,40,AV LIBERTADOR,R03,IMPAGA,60.0,58.0,,,
3346,3646HBH,1932-01-01,10:16,106.0,80,RUTA 9,R01,IMPAGA,26.0,22.0,/content/urban_flow/data/raw/imgs/urban_flow_plates/d3729058c6a4186e_patente.jpg,3646HBH,1.0
3347,691XC80,1932-01-01,15:57,51.0,40,RUTA 9,R01,IMPAGA,11.0,9.0,/content/urban_flow/data/raw/imgs/urban_flow_plates/5a122adbb1a776b7_patente.jpg,691XC80,1.0
3348,OUTSTDN,1932-01-01,15:57,116.0,40,AV LIBERTADOR,R03,PAGADA,76.0,74.0,,,
3350,5777770,1932-01-01,00:00,135.0,60,AV SIEMPRE VIVA,R02,PAGADA,75.0,72.0,/content/urban_flow/data/raw/imgs/urban_flow_plates/7f56adf4b9306ac9_patente.jpg,5777770,1.0
3354,DI2LOT,2020-09-03,11:18,132.0,80,RUTA 9,R03,IMPAGA,52.0,48.0,,,
3355,0695DVH,1932-01-01,15:57,59.0,40,RUTA 9,R02,IMPAGA,19.0,17.0,,,
3358,B81JKY,1932-01-01,10:17,122.0,60,RUTA 9,R03,PAGADA,62.0,59.0,,,
3360,RFH373,1932-01-01,10:17,64.0,60,RUTA 9,R02,IMPAGA,4.0,1.0,,,
3362,6NCE831,1932-01-01,00:00,109.0,80,AV LIBERTADOR,R03,IMPAGA,29.0,25.0,,,
3365,T0YDR,1932-01-01,00:00,111.0,40,AV LIBERTADOR,R02,IMPAGA,71.0,69.0,,,
3372,AWS167,2023-03-08,15:57,110.0,40,RUTA 9,R02,PAGADA,70.0,68.0,,,
3373,2999961,1932-01-01,20:24,49.0,40,AV SIEMPRE VIVA,R03,APELADA,9.0,7.0,/content/urban_flow/data/raw/imgs/urban_flow_plates/5ff91ccfc6f15d04_patente.jpg,2999961,1.0
3374,41RSTZ,2020-11-04,15:58,99.0,60,AV SIEMPRE VIVA,R03,PAGADA,39.0,36.0,,,
3375,AWS167,2022-03-28,11:18,108.0,80,AV LIBERTADOR,R02,IMPAGA,28.0,24.0,,,
3376,GLEN1E,1932-01-01,10:18,83.0,60,AV LIBERTADOR,R03,APELADA,23.0,20.0,,,
3381,B81JKY,2023-08-29,11:19,115.0,80,AV LIBERTADOR,R02,IMPAGA,35.0,31.0,,,
3384,3646HBH,2021-10-07,00:00,101.0,80,AV LIBERTADOR,R02,IMPAGA,21.0,17.0,/content/urban_flow/data/raw/imgs/urban_flow_plates/d3729058c6a4186e_patente.jpg,3646HBH,1.0
3385,990XYK,1932-01-01,00:00,106.0,80,AV SIEMPRE VIVA,R03,APELADA,26.0,22.0,,,
3386,MPX9357,1932-01-01,20:25,89.0,80,AV SIEMPRE VIVA,R03,APELADA,9.0,5.0,/content/urban_flow/data/raw/imgs/urban_flow_plates/182268e1f8c6525f_patente.jpg,MPX9357,1.0
3387,RFH373,1932-01-01,00:00,74.0,60,AV SIEMPRE VIVA,R01,PAGADA,14.0,11.0,,,
3394,HF3461,2023-12-22,20:25,131.0,60,AV LIBERTADOR,R01,APELADA,71.0,68.0,/content/urban_flow/data/raw/imgs/urban_flow_plates/a6e3b0b73220cd32_patente.jpg,HF3461,1.0
3395,990XYK,1932-01-01,00:00,120.0,60,RUTA 9,R02,IMPAGA,60.0,57.0,,,
3402,GLEN1E,1932-01-01,11:20,117.0,60,RUTA 9,R01,PAGADA,57.0,54.0,,,
3406,8B90638,1932-01-01,10:19,130.0,80,AV LIBERTADOR,R02,APELADA,50.0,46.0,,,
3408,41RSTZ,1932-01-01,10:20,141.0,80,AV SIEMPRE VIVA,R03,IMPAGA,61.0,57.0,,,
3419,FD1475,2023-12-03,11:21,114.0,40,AV LIBERTADOR,R02,APELADA,74.0,72.0,/content/urban_flow/data/raw/imgs/urban_flow_plates/d8daed582e6cce2d_patente.jpg,FD147,0.83
3430,VNK296GP,1932-01-01,20:26,83.0,60,AV LIBERTADOR,R02,PAGADA,23.0,20.0,,,
3437,GN64OTP,1932-01-01,15:59,111.0,40,AV LIBERTADOR,R03,PAGADA,71.0,69.0,,,
3447,0695DVH,1932-01-01,00:00,140.0,80,AV LIBERTADOR,R03,APELADA,60.0,56.0,,,
3451,M431ZW,1932-01-01,20:27,97.0,60,AV SIEMPRE VIVA,R02,PAGADA,37.0,34.0,/content/urban_flow/data/raw/imgs/urban_flow_plates/299f0363ae21d1c3_patente.jpg,M431ZM,0.83
3463,UW3932,1932-01-01,16:00,119.0,80,AV SIEMPRE VIVA,R01,IMPAGA,39.0,35.0,,,
3464,FVIOUHP,1932-01-01,10:22,146.0,80,RUTA 9,R02,IMPAGA,66.0,62.0,/content/urban_flow/data/raw/imgs/urban_flow_plates/28e26a4eb646c67a_patente.jpg,FVIDUHP,0.86
3466,9999868,1932-01-01,00:00,118.0,40,AV SIEMPRE VIVA,R01,APELADA,78.0,76.0,,,
3468,409,1932-01-01,11:22,133.0,60,RUTA 9,R01,IMPAGA,73.0,70.0,,,
3471,HF58HXP,1932-01-01,16:01,91.0,40,AV SIEMPRE VIVA,R02,IMPAGA,51.0,49.0,/content/urban_flow/data/raw/imgs/urban_flow_plates/9a795bbf4e94d630_patente.jpg,HF5BHXP,0.86
3474,HF3461,1932-01-01,20:28,99.0,80,RUTA 9,R01,IMPAGA,19.0,15.0,/content/urban_flow/data/raw/imgs/urban_flow_plates/a6e3b0b73220cd32_patente.jpg,HF3461,1.0
3478,HF3461,2020-06-14,20:28,50.0,40,AV SIEMPRE VIVA,R03,IMPAGA,10.0,8.0,/content/urban_flow/data/raw/imgs/urban_flow_plates/a6e3b0b73220cd32_patente.jpg,HF3461,1.0
3485,5777770,1932-01-01,16:02,76.0,40,AV LIBERTADOR,R02,APELADA,36.0,34.0,/content/urban_flow/data/raw/imgs/urban_flow_plates/7f56adf4b9306ac9_patente.jpg,5777770,1.0
3487,GCP332,2023-03-03,11:23,128.0,60,AV LIBERTADOR,R02,IMPAGA,68.0,65.0,,,
3488,VY90540,1932-01-01,00:00,91.0,80,AV SIEMPRE VIVA,R01,PAGADA,11.0,7.0,/content/urban_flow/data/raw/imgs/urban_flow_plates/288a95c01e43cd14_patente.jpg,VY90540,1.0
3489,3646HBH,2022-04-24,11:23,82.0,40,AV LIBERTADOR,R03,APELADA,42.0,40.0,/content/urban_flow/data/raw/imgs/urban_flow_plates/d3729058c6a4186e_patente.jpg,3646HBH,1.0
3492,T0YDR,1932-01-01,00:00,152.0,80,RUTA 9,R03,PAGADA,72.0,68.0,,,
3501,41RSTZ,1932-01-01,20:29,107.0,80,AV SIEMPRE VIVA,R01,APELADA,27.0,23.0,,,
3503,AI7OVF,1932-01-01,00:00,90.0,40,AV LIBERTADOR,R01,IMPAGA,50.0,48.0,/content/urban_flow/data/raw/imgs/urban_flow_plates/747b0f12f54703ee_patente.jpg,AI70VF,0.83
3506,TL03GOG,1932-01-01,00:00,109.0,40,RUTA 9,R03,APELADA,69.0,67.0,,,
3514,0695DVH,1932-01-01,20:29,107.0,40,AV LIBERTADOR,R01,IMPAGA,67.0,65.0,,,
3518,MPX9357,1932-01-01,10:24,103.0,60,AV LIBERTADOR,R02,APELADA,43.0,40.0,/content/urban_flow/data/raw/imgs/urban_flow_plates/182268e1f8c6525f_patente.jpg,MPX9357,1.0
3531,B81JKY,1932-01-01,10:25,136.0,60,AV LIBERTADOR,R01,PAGADA,76.0,73.0,,,
3532,5777770,1932-01-01,10:25,65.0,40,AV SIEMPRE VIVA,R02,APELADA,25.0,23.0,/content/urban_flow/data/raw/imgs/urban_flow_plates/7f56adf4b9306ac9_patente.jpg,5777770,1.0
3537,5777770,1932-01-01,10:26,80.0,40,AV SIEMPRE VIVA,R01,IMPAGA,40.0,38.0,/content/urban_flow/data/raw/imgs/urban_flow_plates/7f56adf4b9306ac9_patente.jpg,5777770,1.0
3542,BM351,1932-01-01,16:05,49.0,40,RUTA 9,R02,IMPAGA,9.0,7.0,/content/urban_flow/data/raw/imgs/urban_flow_plates/9995dfc6e0eae5a1_patente.jpg,BM351,1.0
3545,810TCH,2022-01-18,00:00,89.0,60,AV LIBERTADOR,R03,PAGADA,29.0,26.0,,,
3549,GLEN1E,1932-01-01,11:25,44.0,40,AV LIBERTADOR,R01,IMPAGA,4.0,2.0,,,
3555,3646HBH,2020-06-29,16:05,104.0,80,RUTA 9,R03,APELADA,24.0,20.0,/content/urban_flow/data/raw/imgs/urban_flow_plates/d3729058c6a4186e_patente.jpg,3646HBH,1.0
3558,GE1466,1932-01-01,10:27,103.0,60,AV SIEMPRE VIVA,R01,PAGADA,43.0,40.0,,,
3560,MX60NZA,1932-01-01,20:30,110.0,60,AV SIEMPRE VIVA,R01,APELADA,50.0,47.0,,,
3562,BM351,1932-01-01,11:26,155.0,80,AV SIEMPRE VIVA,R03,PAGADA,75.0,71.0,/content/urban_flow/data/raw/imgs/urban_flow_plates/9995dfc6e0eae5a1_patente.jpg,BM351,1.0
3566,UM96201,2020-03-21,11:26,68.0,60,RUTA 9,R02,APELADA,8.0,5.0,/content/urban_flow/data/raw/imgs/urban_flow_plates/09453a7c716a9ef3_patente.jpg,UM96201,1.0
3572,AWS167,2021-08-09,20:31,149.0,80,AV LIBERTADOR,R03,PAGADA,69.0,65.0,,,
3584,MPX9357,1932-01-01,10:28,87.0,40,RUTA 9,R01,IMPAGA,47.0,45.0,/content/urban_flow/data/raw/imgs/urban_flow_plates/182268e1f8c6525f_patente.jpg,MPX9357,1.0
3605,WU341A,1932-01-01,16:08,139.0,80,AV LIBERTADOR,R01,IMPAGA,59.0,55.0,,,
3610,GE1466,1932-01-01,20:32,61.0,40,AV LIBERTADOR,R01,PAGADA,21.0,19.0,,,
3614,BP717,1932-01-01,10:29,106.0,40,AV SIEMPRE VIVA,R01,PAGADA,66.0,64.0,/content/urban_flow/data/raw/imgs/urban_flow_plates/e1120bfe48f85c1b_patente.jpg,BP717,1.0
3617,NTHGLFT,2022-08-13,16:08,103.0,80,AV SIEMPRE VIVA,R03,APELADA,23.0,19.0,,,
3620,8B90638,1932-01-01,00:00,55.0,40,RUTA 9,R02,IMPAGA,15.0,13.0,,,
3629,UM96201,1932-01-01,11:28,92.0,80,AV SIEMPRE VIVA,R02,PAGADA,12.0,8.0,/content/urban_flow/data/raw/imgs/urban_flow_plates/09453a7c716a9ef3_patente.jpg,UM96201,1.0
3643,CT5B876,1932-01-01,10:30,122.0,60,RUTA 9,R02,APELADA,62.0,59.0,/content/urban_flow/data/raw/imgs/urban_flow_plates/39c193bcc0c00f9e_patente.jpg,C75B876,0.86
3647,990XYK,2020-03-05,20:34,112.0,60,AV LIBERTADOR,R03,IMPAGA,52.0,49.0,,,
3648,WEFLYN,1932-01-01,20:34,45.0,40,AV LIBERTADOR,R03,IMPAGA,5.0,3.0,,,
3649,MX60NZA,1932-01-01,10:30,118.0,60,RUTA 9,R02,IMPAGA,58.0,55.0,,,
3654,W326AVE,1932-01-01,00:00,73.0,40,AV SIEMPRE VIVA,R01,PAGADA,33.0,31.0,/content/urban_flow/data/raw/imgs/urban_flow_plates/6c144e47161867c2_patente.jpg,W326AVE,1.0
3658,CD05601,1932-01-01,10:31,146.0,80,AV SIEMPRE VIVA,R01,APELADA,66.0,62.0,,,
3659,6NCE831,2021-02-24,20:34,82.0,40,RUTA 9,R01,APELADA,42.0,40.0,,,
3660,HF58HXP,1932-01-01,00:00,58.0,40,RUTA 9,R01,IMPAGA,18.0,16.0,/content/urban_flow/data/raw/imgs/urban_flow_plates/9a795bbf4e94d630_patente.jpg,HF5BHXP,0.86
3666,W326AVE,1932-01-01,16:11,117.0,40,AV SIEMPRE VIVA,R03,APELADA,77.0,75.0,/content/urban_flow/data/raw/imgs/urban_flow_plates/6c144e47161867c2_patente.jpg,W326AVE,1.0
3677,CD05601,1932-01-01,10:32,84.0,60,AV LIBERTADOR,R03,APELADA,24.0,21.0,,,
3679,HK06YMX,1932-01-01,16:12,108.0,40,AV LIBERTADOR,R02,PAGADA,68.0,66.0,/content/urban_flow/data/raw/imgs/urban_flow_plates/9a4fe6361597f264_patente.jpg,HKO6YMX,0.86
3683,HK06YMX,2020-09-08,10:32,65.0,60,AV LIBERTADOR,R01,PAGADA,5.0,2.0,/content/urban_flow/data/raw/imgs/urban_flow_plates/9a4fe6361597f264_patente.jpg,HKO6YMX,0.86
3685,GN64OTP,1932-01-01,10:32,94.0,80,AV LIBERTADOR,R01,PAGADA,14.0,10.0,,,
3694,WU08YWC,1932-01-01,00:00,91.0,40,AV SIEMPRE VIVA,R01,APELADA,51.0,49.0,,,
3695,DI2LOT,1932-01-01,16:13,106.0,40,AV LIBERTADOR,R03,PAGADA,66.0,64.0,,,
3703,HK06YMX,1932-01-01,11:30,156.0,80,AV LIBERTADOR,R02,APELADA,76.0,72.0,/content/urban_flow/data/raw/imgs/urban_flow_plates/9a4fe6361597f264_patente.jpg,HKO6YMX,0.86
3707,XIIUME,1932-01-01,20:36,140.0,60,AV LIBERTADOR,R01,IMPAGA,80.0,77.0,/content/urban_flow/data/raw/imgs/urban_flow_plates/64de505bd2bac82b.jpg,XIIUME,1.0
3713,M20CPR,1932-01-01,10:33,124.0,80,AV SIEMPRE VIVA,R03,PAGADA,44.0,40.0,,,
3717,NHZ1002,1932-01-01,10:33,95.0,60,RUTA 9,R01,IMPAGA,35.0,32.0,,,
3719,BM351,2023-12-24,11:30,92.0,80,AV LIBERTADOR,R03,APELADA,12.0,8.0,/content/urban_flow/data/raw/imgs/urban_flow_plates/9995dfc6e0eae5a1_patente.jpg,BM351,1.0
3724,W326AVE,1932-01-01,20:37,118.0,80,AV LIBERTADOR,R01,APELADA,38.0,34.0,/content/urban_flow/data/raw/imgs/urban_flow_plates/6c144e47161867c2_patente.jpg,W326AVE,1.0
3728,3646HBH,1932-01-01,10:33,138.0,60,AV LIBERTADOR,R01,APELADA,78.0,75.0,/content/urban_flow/data/raw/imgs/urban_flow_plates/d3729058c6a4186e_patente.jpg,3646HBH,1.0
3730,J1S1,2023-04-26,20:37,126.0,80,RUTA 9,R01,PAGADA,46.0,42.0,/content/urban_flow/data/raw/imgs/urban_flow_plates/e82f13b4a2fe69f3_patente_1.jpg,J1S1,1.0
3734,UM96201,1932-01-01,20:37,95.0,80,RUTA 9,R01,APELADA,15.0,11.0,/content/urban_flow/data/raw/imgs/urban_flow_plates/09453a7c716a9ef3_patente.jpg,UM96201,1.0
3746,GCP332,2020-07-17,20:38,110.0,80,AV LIBERTADOR,R03,APELADA,30.0,26.0,,,
3748,J1S1,1932-01-01,00:00,80.0,60,AV LIBERTADOR,R01,IMPAGA,20.0,17.0,/content/urban_flow/data/raw/imgs/urban_flow_plates/e82f13b4a2fe69f3_patente_1.jpg,J1S1,1.0
3756,CBMUK,1932-01-01,20:39,132.0,80,RUTA 9,R02,APELADA,52.0,48.0,,,
3758,VNK296GP,1932-01-01,10:34,49.0,40,RUTA 9,R03,PAGADA,9.0,7.0,,,
3767,BM351,1932-01-01,10:35,120.0,60,AV LIBERTADOR,R03,PAGADA,60.0,57.0,/content/urban_flow/data/raw/imgs/urban_flow_plates/9995dfc6e0eae5a1_patente.jpg,BM351,1.0
3768,VNK296GP,2020-07-27,00:00,137.0,80,RUTA 9,R03,APELADA,57.0,53.0,,,
3770,TL03GOG,1932-01-01,20:40,88.0,80,AV LIBERTADOR,R01,APELADA,8.0,4.0,,,
3776,VNK296GP,1932-01-01,20:40,85.0,80,AV LIBERTADOR,R03,IMPAGA,5.0,1.0,,,
3782,WU08YWC,1932-01-01,20:41,128.0,80,AV SIEMPRE VIVA,R01,PAGADA,48.0,44.0,,,
3783,BB8986,1932-01-01,16:16,64.0,60,AV SIEMPRE VIVA,R01,PAGADA,4.0,1.0,/content/urban_flow/data/raw/imgs/urban_flow_plates/7cbc7ee444622a66_patente.jpg,BB8986,1.0
3785,GOOGLE,1932-01-01,16:16,55.0,40,AV LIBERTADOR,R02,APELADA,15.0,13.0,,,
3789,NHZ1002,1932-01-01,11:32,43.0,40,AV LIBERTADOR,R02,PAGADA,3.0,1.0,,,
3792,M431ZW,1932-01-01,20:41,143.0,80,RUTA 9,R01,APELADA,63.0,59.0,/content/urban_flow/data/raw/imgs/urban_flow_plates/299f0363ae21d1c3_patente.jpg,M431ZM,0.83
3795,DK414N,1932-01-01,20:42,90.0,80,AV LIBERTADOR,R01,PAGADA,10.0,6.0,,,
3798,HF3461,2023-12-10,11:32,79.0,40,AV SIEMPRE VIVA,R02,PAGADA,39.0,37.0,/content/urban_flow/data/raw/imgs/urban_flow_plates/a6e3b0b73220cd32_patente.jpg,HF3461,1.0
3807,691XC80,1932-01-01,16:17,128.0,80,AV LIBERTADOR,R01,PAGADA,48.0,44.0,/content/urban_flow/data/raw/imgs/urban_flow_plates/5a122adbb1a776b7_patente.jpg,691XC80,1.0
3808,M431ZW,1932-01-01,10:36,76.0,40,AV LIBERTADOR,R03,APELADA,36.0,34.0,/content/urban_flow/data/raw/imgs/urban_flow_plates/299f0363ae21d1c3_patente.jpg,M431ZM,0.83
3809,UW3932,2020-06-10,11:33,121.0,60,AV SIEMPRE VIVA,R02,IMPAGA,61.0,58.0,,,
3824,WU08YWC,1932-01-01,16:18,100.0,40,AV LIBERTADOR,R01,APELADA,60.0,58.0,,,
3825,990XYK,1932-01-01,20:43,141.0,80,AV SIEMPRE VIVA,R01,IMPAGA,61.0,57.0,,,
3827,M431ZW,1932-01-01,16:18,58.0,40,RUTA 9,R03,IMPAGA,18.0,16.0,/content/urban_flow/data/raw/imgs/urban_flow_plates/299f0363ae21d1c3_patente.jpg,M431ZM,0.83
3829,2999961,1932-01-01,00:00,109.0,80,AV SIEMPRE VIVA,R02,IMPAGA,29.0,25.0,/content/urban_flow/data/raw/imgs/urban_flow_plates/5ff91ccfc6f15d04_patente.jpg,2999961,1.0
3831,T0YDR,1932-01-01,10:37,109.0,40,AV LIBERTADOR,R01,PAGADA,69.0,67.0,,,
3838,6EVY261,1932-01-01,20:43,98.0,60,AV SIEMPRE VIVA,R03,APELADA,38.0,35.0,,,
3844,691XC80,1932-01-01,11:35,111.0,40,AV SIEMPRE VIVA,R02,APELADA,71.0,69.0,/content/urban_flow/data/raw/imgs/urban_flow_plates/5a122adbb1a776b7_patente.jpg,691XC80,1.0
3853,BP717,1932-01-01,11:35,105.0,80,AV LIBERTADOR,R02,PAGADA,25.0,21.0,/content/urban_flow/data/raw/imgs/urban_flow_plates/e1120bfe48f85c1b_patente.jpg,BP717,1.0
3855,990XYK,1932-01-01,10:37,131.0,80,AV SIEMPRE VIVA,R03,PAGADA,51.0,47.0,,,
3860,3646HBH,1932-01-01,11:36,112.0,80,RUTA 9,R01,PAGADA,32.0,28.0,/content/urban_flow/data/raw/imgs/urban_flow_plates/d3729058c6a4186e_patente.jpg,3646HBH,1.0
3861,81ZFJD,1932-01-01,20:44,150.0,80,AV LIBERTADOR,R01,IMPAGA,70.0,66.0,,,
3863,6EVY261,1932-01-01,10:38,71.0,40,AV LIBERTADOR,R02,PAGADA,31.0,29.0,,,
3864,WU08YWC,1932-01-01,20:44,112.0,60,RUTA 9,R01,IMPAGA,52.0,49.0,,,
3866,WU08YWC,1932-01-01,16:20,94.0,60,AV SIEMPRE VIVA,R03,APELADA,34.0,31.0,,,
3874,TL03GOG,1932-01-01,11:37,108.0,40,AV SIEMPRE VIVA,R01,APELADA,68.0,66.0,,,
3876,NTHGLFT,1932-01-01,10:38,97.0,80,AV SIEMPRE VIVA,R02,APELADA,17.0,13.0,,,
3899,WEFLYN,2020-11-04,10:39,92.0,80,AV SIEMPRE VIVA,R01,APELADA,12.0,8.0,,,
3900,691XC80,2023-12-30,10:39,75.0,40,RUTA 9,R03,IMPAGA,35.0,33.0,/content/urban_flow/data/raw/imgs/urban_flow_plates/5a122adbb1a776b7_patente.jpg,691XC80,1.0
3905,5777770,1932-01-01,00:00,108.0,80,RUTA 9,R02,PAGADA,28.0,24.0,/content/urban_flow/data/raw/imgs/urban_flow_plates/7f56adf4b9306ac9_patente.jpg,5777770,1.0
3907,41RSTZ,1932-01-01,20:46,85.0,80,AV LIBERTADOR,R03,PAGADA,5.0,1.0,,,
3909,WU341A,1932-01-01,11:38,124.0,80,RUTA 9,R01,IMPAGA,44.0,40.0,,,
3911,TL03GOG,1932-01-01,20:47,158.0,80,AV LIBERTADOR,R01,PAGADA,78.0,74.0,,,
3913,VNK296GP,1932-01-01,16:22,135.0,80,RUTA 9,R03,APELADA,55.0,51.0,,,
3914,8B90638,1932-01-01,00:00,50.0,40,AV SIEMPRE VIVA,R03,APELADA,10.0,8.0,,,
3915,M20CPR,1932-01-01,10:40,104.0,40,AV SIEMPRE VIVA,R01,PAGADA,64.0,62.0,,,
3916,M20CPR,1932-01-01,00:00,109.0,80,AV LIBERTADOR,R01,PAGADA,29.0,25.0,,,
3919,DK414N,1932-01-01,10:40,121.0,60,AV SIEMPRE VIVA,R01,IMPAGA,61.0,58.0,,,
3926,MVU4688,1932-01-01,20:47,130.0,60,AV LIBERTADOR,R01,PAGADA,70.0,67.0,/content/urban_flow/data/raw/imgs/urban_flow_plates/3feecc5809a29627_patente.jpg,MVU4688,1.0
3928,41RSTZ,1932-01-01,16:22,61.0,40,AV LIBERTADOR,R03,PAGADA,21.0,19.0,,,
3938,691XC80,1932-01-01,10:41,64.0,40,AV LIBERTADOR,R03,IMPAGA,24.0,22.0,/content/urban_flow/data/raw/imgs/urban_flow_plates/5a122adbb1a776b7_patente.jpg,691XC80,1.0
3939,RFH373,1932-01-01,20:47,143.0,80,AV LIBERTADOR,R03,IMPAGA,63.0,59.0,,,
3950,XIIUME,1932-01-01,00:00,74.0,40,AV SIEMPRE VIVA,R01,IMPAGA,34.0,32.0,/content/urban_flow/data/raw/imgs/urban_flow_plates/64de505bd2bac82b.jpg,XIIUME,1.0
3954,PIW4215,1932-01-01,10:41,130.0,60,AV SIEMPRE VIVA,R01,IMPAGA,70.0,67.0,,,
3956,81ZFJD,1932-01-01,11:41,118.0,80,AV LIBERTADOR,R01,APELADA,38.0,34.0,,,
3960,MPX9357,1932-01-01,11:41,124.0,60,AV LIBERTADOR,R03,APELADA,64.0,61.0,/content/urban_flow/data/raw/imgs/urban_flow_plates/182268e1f8c6525f_patente.jpg,MPX9357,1.0
3966,FD1475,2023-04-22,10:42,131.0,80,RUTA 9,R02,APELADA,51.0,47.0,/content/urban_flow/data/raw/imgs/urban_flow_plates/d8daed582e6cce2d_patente.jpg,FD147,0.83
3967,MX60NZA,1932-01-01,16:24,123.0,80,AV LIBERTADOR,R01,PAGADA,43.0,39.0,,,
3968,BB8986,1932-01-01,11:41,91.0,40,AV SIEMPRE VIVA,R01,IMPAGA,51.0,49.0,/content/urban_flow/data/raw/imgs/urban_flow_plates/7cbc7ee444622a66_patente.jpg,BB8986,1.0
3971,DK414N,2020-07-28,10:42,119.0,80,AV LIBERTADOR,R03,APELADA,39.0,35.0,,,
3982,409,1932-01-01,20:49,88.0,40,RUTA 9,R02,PAGADA,48.0,46.0,,,
3990,M20CPR,1932-01-01,10:42,92.0,40,AV SIEMPRE VIVA,R01,IMPAGA,52.0,50.0,,,
3994,M20CPR,1932-01-01,00:00,64.0,60,AV SIEMPRE VIVA,R01,IMPAGA,4.0,1.0,,,
